{
    "name": "root",
    "gauges": {
        "DroneDefender.Policy.Entropy.mean": {
            "value": -0.7707508206367493,
            "min": -0.8641657829284668,
            "max": 0.6825447678565979,
            "count": 4859
        },
        "DroneDefender.Policy.Entropy.sum": {
            "value": -8165.333984375,
            "min": -9924.583984375,
            "max": 9066.0849609375,
            "count": 4859
        },
        "DroneDefender.Environment.EpisodeLength.mean": {
            "value": 82.4453781512605,
            "min": 56.291666666666664,
            "max": 165.8019801980198,
            "count": 4859
        },
        "DroneDefender.Environment.EpisodeLength.sum": {
            "value": 9811.0,
            "min": 5638.0,
            "max": 16746.0,
            "count": 4859
        },
        "DroneDefender.Step.mean": {
            "value": 48589967.0,
            "min": 9999.0,
            "max": 48589967.0,
            "count": 4859
        },
        "DroneDefender.Step.sum": {
            "value": 48589967.0,
            "min": 9999.0,
            "max": 48589967.0,
            "count": 4859
        },
        "DroneDefender.Policy.ExtrinsicValueEstimate.mean": {
            "value": -195.74655151367188,
            "min": -492.4122009277344,
            "max": 60620.09765625,
            "count": 4859
        },
        "DroneDefender.Policy.ExtrinsicValueEstimate.sum": {
            "value": -43455.734375,
            "min": -124580.2890625,
            "max": 12608980.0,
            "count": 4859
        },
        "DroneDefender.Environment.CumulativeReward.mean": {
            "value": -303.5378151260504,
            "min": -802.2077922077922,
            "max": -78.82178217821782,
            "count": 4859
        },
        "DroneDefender.Environment.CumulativeReward.sum": {
            "value": -36121.0,
            "min": -133333.0,
            "max": -6786.0,
            "count": 4859
        },
        "DroneDefender.Policy.ExtrinsicReward.mean": {
            "value": -303.5378151260504,
            "min": -802.2077922077922,
            "max": -78.82178217821782,
            "count": 4859
        },
        "DroneDefender.Policy.ExtrinsicReward.sum": {
            "value": -36121.0,
            "min": -133333.0,
            "max": -6786.0,
            "count": 4859
        },
        "DroneDefender.IsTraining.mean": {
            "value": 1.0,
            "min": 1.0,
            "max": 1.0,
            "count": 4859
        },
        "DroneDefender.IsTraining.sum": {
            "value": 1.0,
            "min": 1.0,
            "max": 1.0,
            "count": 4859
        },
        "DroneDefender.Losses.PolicyLoss.mean": {
            "value": 0.02118427955235044,
            "min": 0.013645225778842966,
            "max": 11.800697906749944,
            "count": 4668
        },
        "DroneDefender.Losses.PolicyLoss.sum": {
            "value": 0.02118427955235044,
            "min": 0.013645225778842966,
            "max": 11.800697906749944,
            "count": 4668
        },
        "DroneDefender.Losses.ValueLoss.mean": {
            "value": 3128.5959025065104,
            "min": 129.1052324930827,
            "max": 245426381.86666667,
            "count": 4668
        },
        "DroneDefender.Losses.ValueLoss.sum": {
            "value": 3128.5959025065104,
            "min": 129.1052324930827,
            "max": 245426381.86666667,
            "count": 4668
        },
        "DroneDefender.Policy.LearningRate.mean": {
            "value": 0.0003,
            "min": 0.0003,
            "max": 0.0003,
            "count": 4668
        },
        "DroneDefender.Policy.LearningRate.sum": {
            "value": 0.0003,
            "min": 0.0003,
            "max": 0.0003,
            "count": 4668
        },
        "DroneDefender.Policy.Epsilon.mean": {
            "value": 0.30000000000000004,
            "min": 0.3,
            "max": 0.30000000000000004,
            "count": 4668
        },
        "DroneDefender.Policy.Epsilon.sum": {
            "value": 0.30000000000000004,
            "min": 0.3,
            "max": 0.30000000000000004,
            "count": 4668
        },
        "DroneDefender.Policy.Beta.mean": {
            "value": 0.0005189744836000002,
            "min": 0.0005189744836000002,
            "max": 0.0009998978419000003,
            "count": 4668
        },
        "DroneDefender.Policy.Beta.sum": {
            "value": 0.0005189744836000002,
            "min": 0.0005189744836000002,
            "max": 0.0009998978419000003,
            "count": 4668
        },
        "DroneAttacker.Policy.Entropy.mean": {
            "value": -0.7058538794517517,
            "min": -0.708523690700531,
            "max": -0.11378796398639679,
            "count": 888
        },
        "DroneAttacker.Policy.Entropy.sum": {
            "value": -6990.77685546875,
            "min": -7154.357421875,
            "max": -1144.715576171875,
            "count": 888
        },
        "DroneAttacker.Environment.EpisodeLength.mean": {
            "value": 109.54545454545455,
            "min": 81.26229508196721,
            "max": 192.3709677419355,
            "count": 888
        },
        "DroneAttacker.Environment.EpisodeLength.sum": {
            "value": 8435.0,
            "min": 6918.0,
            "max": 13371.0,
            "count": 888
        },
        "DroneAttacker.Step.mean": {
            "value": 8879949.0,
            "min": 9958.0,
            "max": 8879949.0,
            "count": 888
        },
        "DroneAttacker.Step.sum": {
            "value": 8879949.0,
            "min": 9958.0,
            "max": 8879949.0,
            "count": 888
        },
        "DroneAttacker.Policy.ExtrinsicValueEstimate.mean": {
            "value": 363.6806945800781,
            "min": 62.7591552734375,
            "max": 526.8855590820312,
            "count": 888
        },
        "DroneAttacker.Policy.ExtrinsicValueEstimate.sum": {
            "value": 70917.734375,
            "min": 11735.9619140625,
            "max": 109262.4296875,
            "count": 888
        },
        "DroneAttacker.Environment.CumulativeReward.mean": {
            "value": 409.5194805194805,
            "min": -167.30555555555554,
            "max": 828.8080808080808,
            "count": 888
        },
        "DroneAttacker.Environment.CumulativeReward.sum": {
            "value": 31533.0,
            "min": -18069.0,
            "max": 82052.0,
            "count": 888
        },
        "DroneAttacker.Policy.ExtrinsicReward.mean": {
            "value": 409.5194805194805,
            "min": -167.30555555555554,
            "max": 828.8080808080808,
            "count": 888
        },
        "DroneAttacker.Policy.ExtrinsicReward.sum": {
            "value": 31533.0,
            "min": -18069.0,
            "max": 82052.0,
            "count": 888
        },
        "DroneAttacker.IsTraining.mean": {
            "value": 1.0,
            "min": 1.0,
            "max": 1.0,
            "count": 888
        },
        "DroneAttacker.IsTraining.sum": {
            "value": 1.0,
            "min": 1.0,
            "max": 1.0,
            "count": 888
        },
        "DroneAttacker.Losses.PolicyLoss.mean": {
            "value": 0.025891951688875755,
            "min": 0.01493801901427408,
            "max": 0.03532497280587753,
            "count": 864
        },
        "DroneAttacker.Losses.PolicyLoss.sum": {
            "value": 0.025891951688875755,
            "min": 0.01493801901427408,
            "max": 0.03532497280587753,
            "count": 864
        },
        "DroneAttacker.Losses.ValueLoss.mean": {
            "value": 35608.300455729164,
            "min": 18144.04228515625,
            "max": 76101.22786458333,
            "count": 864
        },
        "DroneAttacker.Losses.ValueLoss.sum": {
            "value": 35608.300455729164,
            "min": 18144.04228515625,