{
    "name": "root",
    "gauges": {
        "DroneDefender.Policy.Entropy.mean": {
            "value": 0.30335429310798645,
            "min": 0.30335429310798645,
            "max": 1.1016944646835327,
            "count": 514
        },
        "DroneDefender.Policy.Entropy.sum": {
            "value": 3194.32080078125,
            "min": 2836.05029296875,
            "max": 11354.8515625,
            "count": 514
        },
        "DroneDefender.Environment.EpisodeLength.mean": {
            "value": 53.14857142857143,
            "min": 34.42490842490842,
            "max": 69.87407407407407,
            "count": 514
        },
        "DroneDefender.Environment.EpisodeLength.sum": {
            "value": 9301.0,
            "min": 4221.0,
            "max": 11661.0,
            "count": 514
        },
        "DroneDefender.Step.mean": {
            "value": 7929997.0,
            "min": 2799954.0,
            "max": 7929997.0,
            "count": 514
        },
        "DroneDefender.Step.sum": {
            "value": 7929997.0,
            "min": 2799954.0,
            "max": 7929997.0,
            "count": 514
        },
        "DroneDefender.Policy.ExtrinsicValueEstimate.mean": {
            "value": -0.9554769396781921,
            "min": -397.0211486816406,
            "max": 59668.8671875,
            "count": 514
        },
        "DroneDefender.Policy.ExtrinsicValueEstimate.sum": {
            "value": -247.46852111816406,
            "min": -118037.9375,
            "max": 12708344.0,
            "count": 514
        },
        "DroneDefender.Environment.CumulativeReward.mean": {
            "value": -13.793103448275861,
            "min": -38.65979381443299,
            "max": -6.030150753768845,
            "count": 514
        },
        "DroneDefender.Environment.CumulativeReward.sum": {
            "value": -2400.0,
            "min": -9000.0,
            "max": -900.0,
            "count": 514
        },
        "DroneDefender.Policy.ExtrinsicReward.mean": {
            "value": -13.793103448275861,
            "min": -38.65979381443299,
            "max": -6.030150753768845,
            "count": 514
        },
        "DroneDefender.Policy.ExtrinsicReward.sum": {
            "value": -2400.0,
            "min": -9000.0,
            "max": -900.0,
            "count": 514
        },
        "DroneDefender.IsTraining.mean": {
            "value": 1.0,
            "min": 1.0,
            "max": 1.0,
            "count": 514
        },
        "DroneDefender.IsTraining.sum": {
            "value": 1.0,
            "min": 1.0,
            "max": 1.0,
            "count": 514
        },
        "DroneDefender.Losses.PolicyLoss.mean": {
            "value": 0.02168949491654833,
            "min": 0.014098021776104967,
            "max": 0.03553416480620702,
            "count": 494
        },
        "DroneDefender.Losses.PolicyLoss.sum": {
            "value": 0.02168949491654833,
            "min": 0.014098021776104967,
            "max": 0.03553416480620702,
            "count": 494
        },
        "DroneDefender.Losses.ValueLoss.mean": {
            "value": 621.9319101969401,
            "min": 383.254600016276,
            "max": 497001656.53333336,
            "count": 494
        },
        "DroneDefender.Losses.ValueLoss.sum": {
            "value": 621.9319101969401,
            "min": 383.254600016276,
            "max": 497001656.53333336,
            "count": 494
        },
        "DroneDefender.Policy.LearningRate.mean": {
            "value": 0.00029762166049278,
            "min": 0.00029762166049278,
            "max": 0.00029915824618058476,
            "count": 494
        },
        "DroneDefender.Policy.LearningRate.sum": {
            "value": 0.00029762166049278,
            "min": 0.00029762166049278,
            "max": 0.00029915824618058476,
            "count": 494
        },
        "DroneDefender.Policy.Epsilon.mean": {
            "value": 0.19920721989999998,
            "min": 0.19920721989999998,
            "max": 0.19971941529999995,
            "count": 494
        },
        "DroneDefender.Policy.Epsilon.sum": {
            "value": 0.19920721989999998,
            "min": 0.19920721989999998,
            "max": 0.19971941529999995,
            "count": 494
        },
        "DroneDefender.Policy.Beta.mean": {
            "value": 0.0004961153775100002,
            "min": 0.0004961153775100002,
            "max": 0.00049862513497,
            "count": 494
        },
        "DroneDefender.Policy.Beta.sum": {
            "value": 0.0004961153775100002,
            "min": 0.0004961153775100002,
            "max": 0.00049862513497,
            "count": 494
        },
        "DroneAttacker.Policy.Entropy.mean": {
            "value": 1.000694751739502,
            "min": 1.000694751739502,
            "max": 1.1016944646835327,
            "count": 86
        },
        "DroneAttacker.Policy.Entropy.sum": {
            "value": 10096.009765625,
            "min": 5225.3369140625,
            "max": 11007.9638671875,
            "count": 86
        },
        "DroneAttacker.Environment.EpisodeLength.mean": {
            "value": 69.45833333333333,
            "min": 44.77625570776256,
            "max": 74.27480916030534,
            "count": 86
        },
        "DroneAttacker.Environment.EpisodeLength.sum": {
            "value": 10002.0,
            "min": 4389.0,
            "max": 10070.0,
            "count": 86
        },
        "DroneAttacker.Step.mean": {
            "value": 3649962.0,
            "min": 2799955.0,
            "max": 3649962.0,
            "count": 86
        },
        "DroneAttacker.Step.sum": {
            "value": 3649962.0,
            "min": 2799955.0,
            "max": 3649962.0,
            "count": 86
        },
        "DroneAttacker.Policy.ExtrinsicValueEstimate.mean": {
            "value": 5678.333984375,
            "min": 3659.4482421875,
            "max": 43970.4140625,
            "count": 86
        },
        "DroneAttacker.Policy.ExtrinsicValueEstimate.sum": {
            "value": 1391191.875,
            "min": 962434.875,
            "max": 9229142.0,
            "count": 86
        },
        "DroneAttacker.Environment.CumulativeReward.mean": {
            "value": 6234.631944444444,
            "min": 236.50454545454545,
            "max": 6369.980916030534,
            "count": 86
        },
        "DroneAttacker.Environment.CumulativeReward.sum": {
            "value": 897787.0,
            "min": 52031.0,
            "max": 897787.0,
            "count": 86
        },
        "DroneAttacker.Policy.ExtrinsicReward.mean": {
            "value": 6234.631944444444,
            "min": 236.50454545454545,
            "max": 6369.980916030534,
            "count": 86
        },
        "DroneAttacker.Policy.ExtrinsicReward.sum": {
            "value": 897787.0,
            "min": 52031.0,
            "max": 897787.0,
            "count": 86
        },
        "DroneAttacker.IsTraining.mean": {
            "value": 1.0,
            "min": 1.0,
            "max": 1.0,
            "count": 86
        },
        "DroneAttacker.IsTraining.sum": {
            "value": 1.0,
            "min": 1.0,
            "max": 1.0,
            "count": 86
        },
        "DroneAttacker.Losses.PolicyLoss.mean": {
            "value": 0.019590088663001857,
            "min": 0.017554223894452055,
            "max": 0.030516469773525994,
            "count": 83
        },
        "DroneAttacker.Losses.PolicyLoss.sum": {
            "value": 0.019590088663001857,
            "min": 0.017554223894452055,
            "max": 0.030516469773525994,
            "count": 83
        },
        "DroneAttacker.Losses.ValueLoss.mean": {
            "value": 1276868.9916666667,
            "min": 1263566.4583333333,
            "max": 305410550.93333334,
            "count": 83
        },