{
    "name": "root",
    "gauges": {
        "DroneDefender.Policy.Entropy.mean": {
            "value": 1.1289175748825073,
            "min": 1.1283414363861084,
            "max": 1.242460012435913,
            "count": 155
        },
        "DroneDefender.Policy.Entropy.sum": {
            "value": 11277.88671875,
            "min": 10358.392578125,
            "max": 13686.626953125,
            "count": 155
        },
        "DroneDefender.Environment.EpisodeLength.mean": {
            "value": 47.13095238095238,
            "min": 41.357798165137616,
            "max": 72.80714285714286,
            "count": 155
        },
        "DroneDefender.Environment.EpisodeLength.sum": {
            "value": 7918.0,
            "min": 7918.0,
            "max": 11415.0,
            "count": 155
        },
        "DroneDefender.Step.mean": {
            "value": 1549944.0,
            "min": 9997.0,
            "max": 1549944.0,
            "count": 155
        },
        "DroneDefender.Step.sum": {
            "value": 1549944.0,
            "min": 9997.0,
            "max": 1549944.0,
            "count": 155
        },
        "DroneDefender.Policy.ExtrinsicValueEstimate.mean": {
            "value": -4534.68896484375,
            "min": -4537.51904296875,
            "max": 19035.3046875,
            "count": 155
        },
        "DroneDefender.Policy.ExtrinsicValueEstimate.sum": {
            "value": -1160880.375,
            "min": -1268839.0,
            "max": 5634450.0,
            "count": 155
        },
        "DroneDefender.Environment.CumulativeReward.mean": {
            "value": -47859.81891678353,
            "min": -84406.09999457709,
            "max": -18441.6429548527,
            "count": 155
        },
        "DroneDefender.Environment.CumulativeReward.sum": {
            "value": -8088309.396936417,
            "min": -12780085.347389221,
            "max": -3337937.3748283386,
            "count": 155
        },
        "DroneDefender.Policy.ExtrinsicReward.mean": {
            "value": -47859.81891678353,
            "min": -84406.09999457709,
            "max": -18441.6429548527,
            "count": 155
        },
        "DroneDefender.Policy.ExtrinsicReward.sum": {
            "value": -8088309.396936417,
            "min": -12780085.347389221,
            "max": -3337937.3748283386,
            "count": 155
        },
        "DroneDefender.IsTraining.mean": {
            "value": 1.0,
            "min": 1.0,
            "max": 1.0,
            "count": 155
        },
        "DroneDefender.IsTraining.sum": {
            "value": 1.0,
            "min": 1.0,
            "max": 1.0,
            "count": 155
        },
        "DroneDefender.Losses.PolicyLoss.mean": {
            "value": 0.021660579678912956,
            "min": 0.017410074096793928,
            "max": 0.032362789784868555,
            "count": 149
        },
        "DroneDefender.Losses.PolicyLoss.sum": {
            "value": 0.021660579678912956,
            "min": 0.017410074096793928,
            "max": 0.032362789784868555,
            "count": 149
        },
        "DroneDefender.Losses.ValueLoss.mean": {
            "value": 622351530.6666666,
            "min": 356033779.2,
            "max": 1292166327.4666667,
            "count": 149
        },
        "DroneDefender.Losses.ValueLoss.sum": {
            "value": 622351530.6666666,
            "min": 356033779.2,
            "max": 1292166327.4666667,
            "count": 149
        },
        "DroneDefender.Policy.LearningRate.mean": {
            "value": 0.00029953740165419954,
            "min": 0.00029953740165419954,
            "max": 0.00029999692770102404,
            "count": 149
        },
        "DroneDefender.Policy.LearningRate.sum": {
            "value": 0.00029953740165419954,
            "min": 0.00029953740165419954,
            "max": 0.00029999692770102404,
            "count": 149
        },
        "DroneDefender.Policy.Epsilon.mean": {
            "value": 0.19984580050000006,
            "min": 0.19984580050000006,
            "max": 0.19999897589999996,
            "count": 149
        },
        "DroneDefender.Policy.Epsilon.sum": {
            "value": 0.19984580050000006,
            "min": 0.19984580050000006,
            "max": 0.19999897589999996,
            "count": 149
        },
        "DroneDefender.Policy.Beta.mean": {
            "value": 0.0004992444224499999,
            "min": 0.0004992444224499999,
            "max": 0.0004999949819099998,
            "count": 149
        },
        "DroneDefender.Policy.Beta.sum": {
            "value": 0.0004992444224499999,
            "min": 0.0004992444224499999,
            "max": 0.0004999949819099998,
            "count": 149
        },
        "DroneAttacker.Policy.Entropy.mean": {
            "value": 1.2304189205169678,
            "min": 1.2299878597259521,
            "max": 1.242431640625,
            "count": 25
        },
        "DroneAttacker.Policy.Entropy.sum": {
            "value": 12203.294921875,
            "min": 12080.34375,
            "max": 12747.3486328125,
            "count": 25
        },
        "DroneAttacker.Environment.EpisodeLength.mean": {
            "value": 71.72463768115942,
            "min": 57.9112426035503,
            "max": 75.8854961832061,
            "count": 25
        },
        "DroneAttacker.Environment.EpisodeLength.sum": {
            "value": 9898.0,
            "min": 9680.0,
            "max": 9984.0,
            "count": 25
        },
        "DroneAttacker.Step.mean": {
            "value": 249986.0,
            "min": 9961.0,
            "max": 249986.0,
            "count": 25
        },
        "DroneAttacker.Step.sum": {
            "value": 249986.0,
            "min": 9961.0,
            "max": 249986.0,
            "count": 25
        },
        "DroneAttacker.Policy.ExtrinsicValueEstimate.mean": {
            "value": 30234.013671875,
            "min": 4229.02197265625,
            "max": 30582.107421875,
            "count": 25
        },
        "DroneAttacker.Policy.ExtrinsicValueEstimate.sum": {
            "value": 6923589.0,
            "min": 1074171.625,
            "max": 7095049.0,
            "count": 25
        },
        "DroneAttacker.Environment.CumulativeReward.mean": {
            "value": 9890.239453503686,
            "min": -63446.00378339214,
            "max": 26642.99045269306,
            "count": 25
        },
        "DroneAttacker.Environment.CumulativeReward.sum": {
            "value": 1354962.8051300049,
            "min": -9834130.586425781,
            "max": 3463588.7588500977,
            "count": 25
        },
        "DroneAttacker.Policy.ExtrinsicReward.mean": {
            "value": 9890.239453503686,
            "min": -63446.00378339214,
            "max": 26642.99045269306,
            "count": 25
        },
        "DroneAttacker.Policy.ExtrinsicReward.sum": {
            "value": 1354962.8051300049,
            "min": -9834130.586425781,
            "max": 3463588.7588500977,
            "count": 25
        },
        "DroneAttacker.IsTraining.mean": {
            "value": 1.0,
            "min": 1.0,
            "max": 1.0,
            "count": 25
        },
        "DroneAttacker.IsTraining.sum": {
            "value": 1.0,
            "min": 1.0,
            "max": 1.0,
            "count": 25
        },
        "DroneAttacker.Losses.PolicyLoss.mean": {
            "value": 0.023761745542287827,
            "min": 0.018443668819963933,
            "max": 0.03043764615431428,
            "count": 24
        },
        "DroneAttacker.Losses.PolicyLoss.sum": {
            "value": 0.023761745542287827,
            "min": 0.018443668819963933,
            "max": 0.03043764615431428,
            "count": 24
        },
        "DroneAttacker.Losses.ValueLoss.mean": {
            "value": 904782865.0666667,
            "min": 773213034.6666666,
            "max": 1232562092.8,