{
    "name": "root",
    "gauges": {
        "DroneDefender.Policy.Entropy.mean": {
            "value": 1.293947458267212,
            "min": 1.293947458267212,
            "max": 1.4197109937667847,
            "count": 99
        },
        "DroneDefender.Policy.Entropy.sum": {
            "value": 13004.171875,
            "min": 12626.041015625,
            "max": 17452.94140625,
            "count": 99
        },
        "DroneDefender.Environment.EpisodeLength.mean": {
            "value": 2000.0,
            "min": 31.319488817891372,
            "max": 2000.0,
            "count": 60
        },
        "DroneDefender.Environment.EpisodeLength.sum": {
            "value": 2000.0,
            "min": 73.0,
            "max": 53980.0,
            "count": 60
        },
        "DroneDefender.Step.mean": {
            "value": 989974.0,
            "min": 9992.0,
            "max": 989974.0,
            "count": 99
        },
        "DroneDefender.Step.sum": {
            "value": 989974.0,
            "min": 9992.0,
            "max": 989974.0,
            "count": 99
        },
        "DroneDefender.Policy.ExtrinsicValueEstimate.mean": {
            "value": 864.4373779296875,
            "min": -763.38232421875,
            "max": 936.4295654296875,
            "count": 99
        },
        "DroneDefender.Policy.ExtrinsicValueEstimate.sum": {
            "value": 134852.234375,
            "min": -230057.53125,
            "max": 156563.6875,
            "count": 99
        },
        "DroneDefender.Environment.CumulativeReward.mean": {
            "value": 18649.704559326172,
            "min": -1795.4530853271485,
            "max": 18649.704559326172,
            "count": 60
        },
        "DroneDefender.Environment.CumulativeReward.sum": {
            "value": 18649.704559326172,
            "min": -281307.8257446289,
            "max": 496934.46981716156,
            "count": 60
        },
        "DroneDefender.Policy.ExtrinsicReward.mean": {
            "value": 18649.704559326172,
            "min": -1795.4530853271485,
            "max": 18649.704559326172,
            "count": 60
        },
        "DroneDefender.Policy.ExtrinsicReward.sum": {
            "value": 18649.704559326172,
            "min": -281307.8257446289,
            "max": 496934.46981716156,
            "count": 60
        },
        "DroneDefender.IsTraining.mean": {
            "value": 1.0,
            "min": 1.0,
            "max": 1.0,
            "count": 99
        },
        "DroneDefender.IsTraining.sum": {
            "value": 1.0,
            "min": 1.0,
            "max": 1.0,
            "count": 99
        },
        "DroneDefender.Losses.PolicyLoss.mean": {
            "value": 0.02455366707096497,
            "min": 0.014119571757813294,
            "max": 0.0333355500207593,
            "count": 95
        },
        "DroneDefender.Losses.PolicyLoss.sum": {
            "value": 0.02455366707096497,
            "min": 0.014119571757813294,
            "max": 0.0333355500207593,
            "count": 95
        },
        "DroneDefender.Losses.ValueLoss.mean": {
            "value": 152.12437133789064,
            "min": 42.986359278361,
            "max": 219890.87239583334,
            "count": 95
        },
        "DroneDefender.Losses.ValueLoss.sum": {
            "value": 152.12437133789064,
            "min": 42.986359278361,
            "max": 219890.87239583334,
            "count": 95
        },
        "DroneDefender.Policy.LearningRate.mean": {
            "value": 0.0002997053310982229,
            "min": 0.0002997053310982229,
            "max": 0.00029999692320102563,
            "count": 95
        },
        "DroneDefender.Policy.LearningRate.sum": {
            "value": 0.0002997053310982229,
            "min": 0.0002997053310982229,
            "max": 0.00029999692320102563,
            "count": 95
        },
        "DroneDefender.Policy.Epsilon.mean": {
            "value": 0.199901777,
            "min": 0.199901777,
            "max": 0.19999897439999995,
            "count": 95
        },
        "DroneDefender.Policy.Epsilon.sum": {
            "value": 0.199901777,
            "min": 0.199901777,
            "max": 0.19999897439999995,
            "count": 95
        },
        "DroneDefender.Policy.Beta.mean": {
            "value": 0.0004995187073000002,
            "min": 0.0004995187073000002,
            "max": 0.0004999949745600001,
            "count": 95
        },
        "DroneDefender.Policy.Beta.sum": {
            "value": 0.0004995187073000002,
            "min": 0.0004995187073000002,
            "max": 0.0004999949745600001,
            "count": 95
        }
    },
    "metadata": {
        "timer_format_version": "0.1.0",
        "start_time_seconds": "1748105069",
        "python_version": "3.10.1 (tags/v3.10.1:2cd268a, Dec  6 2021, 19:10:37) [MSC v.1929 64 bit (AMD64)]",
        "command_line_arguments": "C:\\Users\\User\\drone-hunting-by-a-drone-swarm\\venv\\Scripts\\mlagents-learn config/phase3_config.yaml --run-id=DefenderFlight",
        "mlagents_version": "1.1.0",
        "mlagents_envs_version": "1.1.0",
        "communication_protocol_version": "1.5.0",
        "pytorch_version": "2.7.0+cu118",
        "numpy_version": "1.23.5",
        "end_time_seconds": "1748105578"
    },
    "total": 508.98062579999896,
    "count": 1,
    "self": 0.007771700002194848,
    "children": {
        "run_training.setup": {
            "total": 0.08214539999971748,
            "count": 1,
            "self": 0.08214539999971748
        },
        "TrainerController.start_learning": {
            "total": 508.89070869999705,
            "count": 1,
            "self": 0.2813736000462086,
            "children": {
                "TrainerController._reset_env": {
                    "total": 9.9137421000014,
                    "count": 1,
                    "self": 9.9137421000014
                },
                "TrainerController.advance": {
                    "total": 498.5134766999545,
                    "count": 11197,
                    "self": 0.21954209989053197,
                    "children": {
                        "env_step": {
                            "total": 197.1154607999415,
                            "count": 11197,
                            "self": 175.6983082002116,
                            "children": {
                                "SubprocessEnvManager._take_step": {
                                    "total": 21.286867799844913,
                                    "count": 11197,
                                    "self": 0.8815795998161775,
                                    "children": {
                                        "TorchPolicy.evaluate": {
                                            "total": 20.405288200028735,
                                            "count": 6651,
                                            "self": 20.405288200028735
                                        }
                                    }
                                },
                                "workers": {
                                    "total": 0.13028479988497566,
                                    "count": 11196,
                                    "self": 0.0,
                                    "children": {
                                        "worker_root": {
                                            "total": 495.24180860013803,
                                            "count": 11196,
                                            "is_parallel": true,
                                            "self": 362.3404438999314,
                                            "children": {
                                                "steps_from_proto": {
                                                    "total": 0.0021159999996598344,
                                                    "count": 1,