{
    "name": "root",
    "gauges": {
        "DroneFlight.Policy.Entropy.mean": {
            "value": -0.1982630044221878,
            "min": -0.1982630044221878,
            "max": -0.14337196946144104,
            "count": 10
        },
        "DroneFlight.Policy.Entropy.sum": {
            "value": -1987.3883056640625,
            "min": -1987.3883056640625,
            "max": -1433.7197265625,
            "count": 10
        },
        "DroneFlight.Step.mean": {
            "value": 99972.0,
            "min": 9976.0,
            "max": 99972.0,
            "count": 10
        },
        "DroneFlight.Step.sum": {
            "value": 99972.0,
            "min": 9976.0,
            "max": 99972.0,
            "count": 10
        },
        "DroneFlight.Policy.ExtrinsicValueEstimate.mean": {
            "value": 1175.5341796875,
            "min": 1175.5341796875,
            "max": 3870.28515625,
            "count": 10
        },
        "DroneFlight.Policy.ExtrinsicValueEstimate.sum": {
            "value": 192787.609375,
            "min": 192787.609375,
            "max": 743094.75,
            "count": 10
        },
        "DroneFlight.Environment.EpisodeLength.mean": {
            "value": 724.1428571428571,
            "min": 122.4375,
            "max": 724.1428571428571,
            "count": 10
        },
        "DroneFlight.Environment.EpisodeLength.sum": {
            "value": 10138.0,
            "min": 9688.0,
            "max": 10138.0,
            "count": 10
        },
        "DroneFlight.Environment.CumulativeReward.mean": {
            "value": 507.98267663523023,
            "min": 507.98267663523023,
            "max": 966.6723878226404,
            "count": 10
        },
        "DroneFlight.Environment.CumulativeReward.sum": {
            "value": 7111.757472893223,
            "min": 7111.757472893223,
            "max": 78300.46341363387,
            "count": 10
        },
        "DroneFlight.Policy.ExtrinsicReward.mean": {
            "value": 507.98267663523023,
            "min": 507.98267663523023,
            "max": 966.6723878226404,
            "count": 10
        },
        "DroneFlight.Policy.ExtrinsicReward.sum": {
            "value": 7111.757472893223,
            "min": 7111.757472893223,
            "max": 78300.46341363387,
            "count": 10
        },
        "DroneFlight.Losses.PolicyLoss.mean": {
            "value": 0.03671436159250637,
            "min": 0.028334727801848203,
            "max": 0.040337810991331935,
            "count": 10
        },
        "DroneFlight.Losses.PolicyLoss.sum": {
            "value": 0.1101430847775191,
            "min": 0.056669455603696406,
            "max": 0.1101430847775191,
            "count": 10
        },
        "DroneFlight.Losses.ValueLoss.mean": {
            "value": 62681.3918185764,
            "min": 62681.3918185764,
            "max": 1578125.828125,
            "count": 10
        },
        "DroneFlight.Losses.ValueLoss.sum": {
            "value": 188044.1754557292,
            "min": 163714.66162109375,
            "max": 3156251.65625,
            "count": 10
        },
        "DroneFlight.Policy.LearningRate.mean": {
            "value": 0.0002999905166031611,
            "min": 0.0002999905166031611,
            "max": 0.00029999938120020623,
            "count": 10
        },
        "DroneFlight.Policy.LearningRate.sum": {
            "value": 0.0008999715498094834,
            "min": 0.0005999830904056364,
            "max": 0.0008999925782024738,
            "count": 10
        },
        "DroneFlight.Policy.Epsilon.mean": {
            "value": 0.19999683886666667,
            "min": 0.19999683886666667,
            "max": 0.19999979373333332,
            "count": 10
        },
        "DroneFlight.Policy.Epsilon.sum": {
            "value": 0.5999905166,
            "min": 0.3999943634666667,
            "max": 0.5999975260666667,
            "count": 10
        },
        "DroneFlight.Policy.Beta.mean": {
            "value": 0.0004999845104466667,
            "min": 0.0004999845104466667,
            "max": 0.0004999989892933333,
            "count": 10
        },
        "DroneFlight.Policy.Beta.sum": {
            "value": 0.00149995353134,
            "min": 0.0009999723809866667,
            "max": 0.0014999878777266665,
            "count": 10
        },
        "DroneFlight.IsTraining.mean": {
            "value": 1.0,
            "min": 1.0,
            "max": 1.0,
            "count": 10
        },
        "DroneFlight.IsTraining.sum": {
            "value": 1.0,
            "min": 1.0,
            "max": 1.0,
            "count": 10
        }
    },
    "metadata": {
        "timer_format_version": "0.1.0",
        "start_time_seconds": "1747342189",
        "python_version": "3.10.1 (tags/v3.10.1:2cd268a, Dec  6 2021, 19:10:37) [MSC v.1929 64 bit (AMD64)]",
        "command_line_arguments": "C:\\Users\\User\\drone-hunting-by-a-drone-swarm\\venv\\Scripts\\mlagents-learn config/phase2_config.yaml --run-id=phase2_target_faster --initialize-from=phase2_target --force",
        "mlagents_version": "1.1.0",
        "mlagents_envs_version": "1.1.0",
        "communication_protocol_version": "1.5.0",
        "pytorch_version": "2.7.0+cu118",
        "numpy_version": "1.23.5",
        "end_time_seconds": "1747343084"
    },
    "total": 895.2097891000012,
    "count": 1,
    "self": 0.005510200004209764,
    "children": {
        "run_training.setup": {
            "total": 0.08578439999837428,
            "count": 1,
            "self": 0.08578439999837428
        },
        "TrainerController.start_learning": {
            "total": 895.1184944999986,
            "count": 1,
            "self": 1.7365204996385728,
            "children": {
                "TrainerController._reset_env": {
                    "total": 11.661386599997059,
                    "count": 1,
                    "self": 11.661386599997059
                },
                "TrainerController.advance": {
                    "total": 881.5402347003692,
                    "count": 102988,
                    "self": 1.6302875012988807,
                    "children": {
                        "env_step": {
                            "total": 845.2333502982001,
                            "count": 102988,
                            "self": 491.20556999961264,
                            "children": {
                                "SubprocessEnvManager._take_step": {
                                    "total": 352.8161279995984,
                                    "count": 102988,
                                    "self": 5.794967699883273,
                                    "children": {
                                        "TorchPolicy.evaluate": {
                                            "total": 347.0211602997151,
                                            "count": 102544,
                                            "self": 347.0211602997151
                                        }
                                    }
                                },
                                "workers": {
                                    "total": 1.2116522989890655,
                                    "count": 102987,
                                    "self": 0.0,
                                    "children": {
                                        "worker_root": {
                                            "total": 864.5789703996488,
                                            "count": 102987,
                                            "is_parallel": true,
                                            "self": 476.6545777983265,
                                            "children": {
                                                "steps_from_proto": {
                                                    "total": 0.00024060000578174368,
                                                    "count": 1,