{
    "name": "root",
    "gauges": {
        "DroneFlight.Policy.Entropy.mean": {
            "value": 2.7899632453918457,
            "min": 2.76233172416687,
            "max": 2.7899632453918457,
            "count": 15
        },
        "DroneFlight.Policy.Entropy.sum": {
            "value": 28025.1796875,
            "min": 23416.28515625,
            "max": 28504.3828125,
            "count": 15
        },
        "DroneFlight.Environment.EpisodeLength.mean": {
            "value": 130.8111111111111,
            "min": 97.06896551724138,
            "max": 210.13235294117646,
            "count": 15
        },
        "DroneFlight.Environment.EpisodeLength.sum": {
            "value": 11773.0,
            "min": 5630.0,
            "max": 14289.0,
            "count": 15
        },
        "DroneFlight.Step.mean": {
            "value": 76829936.0,
            "min": 76689968.0,
            "max": 76829936.0,
            "count": 15
        },
        "DroneFlight.Step.sum": {
            "value": 76829936.0,
            "min": 76689968.0,
            "max": 76829936.0,
            "count": 15
        },
        "DroneFlight.Policy.ExtrinsicValueEstimate.mean": {
            "value": 11.84890365600586,
            "min": -6.135830402374268,
            "max": 16.8501033782959,
            "count": 15
        },
        "DroneFlight.Policy.ExtrinsicValueEstimate.sum": {
            "value": 2369.78076171875,
            "min": -1122.85693359375,
            "max": 3184.66943359375,
            "count": 15
        },
        "DroneFlight.Environment.CumulativeReward.mean": {
            "value": -49.030401950412326,
            "min": -121.10980488170277,
            "max": -18.42197232497366,
            "count": 15
        },
        "DroneFlight.Environment.CumulativeReward.sum": {
            "value": -4412.736175537109,
            "min": -6661.039268493652,
            "max": -1400.069896697998,
            "count": 15
        },
        "DroneFlight.Policy.ExtrinsicReward.mean": {
            "value": -49.030401950412326,
            "min": -121.10980488170277,
            "max": -18.42197232497366,
            "count": 15
        },
        "DroneFlight.Policy.ExtrinsicReward.sum": {
            "value": -4412.736175537109,
            "min": -6661.039268493652,
            "max": -1400.069896697998,
            "count": 15
        },
        "DroneFlight.Losses.PolicyLoss.mean": {
            "value": 0.03580159067253893,
            "min": 0.02929971768753603,
            "max": 0.037774347874801606,
            "count": 15
        },
        "DroneFlight.Losses.PolicyLoss.sum": {
            "value": 0.07160318134507786,
            "min": 0.03696250810753554,
            "max": 0.11332304362440482,
            "count": 15
        },
        "DroneFlight.Losses.ValueLoss.mean": {
            "value": 1359.4369405110676,
            "min": 444.6935044924418,
            "max": 1359.4369405110676,
            "count": 15
        },
        "DroneFlight.Losses.ValueLoss.sum": {
            "value": 2718.8738810221353,
            "min": 889.3870089848836,
            "max": 3522.115821838379,
            "count": 15
        },
        "DroneFlight.Policy.LearningRate.mean": {
            "value": 0.0003,
            "min": 0.0003,
            "max": 0.0003,
            "count": 15
        },
        "DroneFlight.Policy.LearningRate.sum": {
            "value": 0.0006,
            "min": 0.0003,
            "max": 0.0009,
            "count": 15
        },
        "DroneFlight.Policy.Epsilon.mean": {
            "value": 0.20000000000000004,
            "min": 0.20000000000000004,
            "max": 0.20000000000000004,
            "count": 15
        },
        "DroneFlight.Policy.Epsilon.sum": {
            "value": 0.4000000000000001,
            "min": 0.20000000000000004,
            "max": 0.6000000000000001,
            "count": 15
        },
        "DroneFlight.Policy.Beta.mean": {
            "value": 0.0005,
            "min": 0.0005,
            "max": 0.0005,
            "count": 15
        },
        "DroneFlight.Policy.Beta.sum": {
            "value": 0.001,
            "min": 0.0005,
            "max": 0.0015,
            "count": 15
        },
        "DroneFlight.IsTraining.mean": {
            "value": 1.0,
            "min": 1.0,
            "max": 1.0,
            "count": 15
        },
        "DroneFlight.IsTraining.sum": {
            "value": 1.0,
            "min": 1.0,
            "max": 1.0,
            "count": 15
        }
    },
    "metadata": {
        "timer_format_version": "0.1.0",
        "start_time_seconds": "1748859562",
        "python_version": "3.10.1 (tags/v3.10.1:2cd268a, Dec  6 2021, 19:10:37) [MSC v.1929 64 bit (AMD64)]",
        "command_line_arguments": "C:\\Users\\User\\drone-hunting-by-a-drone-swarm\\venv\\Scripts\\mlagents-learn config/phase2_config.yaml --run-id=DroneFlight_20mRay --resume",
        "mlagents_version": "1.1.0",
        "mlagents_envs_version": "1.1.0",
        "communication_protocol_version": "1.5.0",
        "pytorch_version": "2.7.0+cu118",
        "numpy_version": "1.23.5",
        "end_time_seconds": "1748859741"
    },
    "total": 178.82923580000352,
    "count": 1,
    "self": 0.0067519000003812835,
    "children": {
        "run_training.setup": {
            "total": 0.09042110000154935,
            "count": 1,
            "self": 0.09042110000154935
        },
        "TrainerController.start_learning": {
            "total": 178.7320628000016,
            "count": 1,
            "self": 0.08342290007567499,
            "children": {
                "TrainerController._reset_env": {
                    "total": 9.199371800001245,
                    "count": 1,
                    "self": 9.199371800001245
                },
                "TrainerController.advance": {
                    "total": 169.2111376999237,
                    "count": 3876,
                    "self": 0.07091549980395939,
                    "children": {
                        "env_step": {
                            "total": 117.81018710005446,
                            "count": 3876,
                            "self": 107.73036890049116,
                            "children": {
                                "SubprocessEnvManager._take_step": {
                                    "total": 10.034676699549891,
                                    "count": 3876,
                                    "self": 0.25057099922560155,
                                    "children": {
                                        "TorchPolicy.evaluate": {
                                            "total": 9.78410570032429,
                                            "count": 3077,
                                            "self": 9.78410570032429
                                        }
                                    }
                                },
                                "workers": {
                                    "total": 0.04514150001341477,
                                    "count": 3875,
                                    "self": 0.0,
                                    "children": {
                                        "worker_root": {
                                            "total": 108.21733519989357,
                                            "count": 3875,
                                            "is_parallel": true,
                                            "self": 70.4269808994577,
                                            "children": {
                                                "steps_from_proto": {
                                                    "total": 0.0008110000053420663,
                                                    "count": 1,
                                                    "is_parallel": true,
                                                    "self": 0.0001486000110162422,