{
    "name": "root",
    "gauges": {
        "DroneFlight.Policy.Entropy.mean": {
            "value": 2.358588457107544,
            "min": 2.358588457107544,
            "max": 2.3601882457733154,
            "count": 5
        },
        "DroneFlight.Policy.Entropy.sum": {
            "value": 23727.400390625,
            "min": 11293.48046875,
            "max": 23727.400390625,
            "count": 5
        },
        "DroneFlight.Step.mean": {
            "value": 81149996.0,
            "min": 81109954.0,
            "max": 81149996.0,
            "count": 5
        },
        "DroneFlight.Step.sum": {
            "value": 81149996.0,
            "min": 81109954.0,
            "max": 81149996.0,
            "count": 5
        },
        "DroneFlight.Policy.ExtrinsicValueEstimate.mean": {
            "value": 35.85504150390625,
            "min": 29.538183212280273,
            "max": 38.765411376953125,
            "count": 5
        },
        "DroneFlight.Policy.ExtrinsicValueEstimate.sum": {
            "value": 7099.2978515625,
            "min": 2687.974609375,
            "max": 7830.61328125,
            "count": 5
        },
        "DroneFlight.Environment.EpisodeLength.mean": {
            "value": 123.95,
            "min": 111.43820224719101,
            "max": 123.95,
            "count": 5
        },
        "DroneFlight.Environment.EpisodeLength.sum": {
            "value": 9916.0,
            "min": 4684.0,
            "max": 9935.0,
            "count": 5
        },
        "DroneFlight.Environment.CumulativeReward.mean": {
            "value": 10.031500482559204,
            "min": 8.545478419253701,
            "max": 19.11260872325678,
            "count": 5
        },
        "DroneFlight.Environment.CumulativeReward.sum": {
            "value": 802.5200386047363,
            "min": 324.7281799316406,
            "max": 1662.7969589233398,
            "count": 5
        },
        "DroneFlight.Policy.ExtrinsicReward.mean": {
            "value": 10.031500482559204,
            "min": 8.545478419253701,
            "max": 19.11260872325678,
            "count": 5
        },
        "DroneFlight.Policy.ExtrinsicReward.sum": {
            "value": 802.5200386047363,
            "min": 324.7281799316406,
            "max": 1662.7969589233398,
            "count": 5
        },
        "DroneFlight.Losses.PolicyLoss.mean": {
            "value": 0.03692705733313535,
            "min": 0.03162355719056602,
            "max": 0.0371811000998908,
            "count": 5
        },
        "DroneFlight.Losses.PolicyLoss.sum": {
            "value": 0.0738541146662707,
            "min": 0.03391083888709545,
            "max": 0.10043147784502557,
            "count": 5
        },
        "DroneFlight.Losses.ValueLoss.mean": {
            "value": 37.27610917886098,
            "min": 37.27610917886098,
            "max": 145.4967392285665,
            "count": 5
        },
        "DroneFlight.Losses.ValueLoss.sum": {
            "value": 74.55221835772196,
            "min": 63.018378575642906,
            "max": 290.993478457133,
            "count": 5
        },
        "DroneFlight.Policy.LearningRate.mean": {
            "value": 0.0003,
            "min": 0.0003,
            "max": 0.0003,
            "count": 5
        },
        "DroneFlight.Policy.LearningRate.sum": {
            "value": 0.0006,
            "min": 0.0003,
            "max": 0.0009,
            "count": 5
        },
        "DroneFlight.Policy.Epsilon.mean": {
            "value": 0.20000000000000004,
            "min": 0.20000000000000004,
            "max": 0.20000000000000004,
            "count": 5
        },
        "DroneFlight.Policy.Epsilon.sum": {
            "value": 0.4000000000000001,
            "min": 0.20000000000000004,
            "max": 0.6000000000000001,
            "count": 5
        },
        "DroneFlight.Policy.Beta.mean": {
            "value": 0.0005,
            "min": 0.0005,
            "max": 0.0005,
            "count": 5
        },
        "DroneFlight.Policy.Beta.sum": {
            "value": 0.001,
            "min": 0.0005,
            "max": 0.0015,
            "count": 5
        },
        "DroneFlight.IsTraining.mean": {
            "value": 1.0,
            "min": 1.0,
            "max": 1.0,
            "count": 5
        },
        "DroneFlight.IsTraining.sum": {
            "value": 1.0,
            "min": 1.0,
            "max": 1.0,
            "count": 5
        }
    },
    "metadata": {
        "timer_format_version": "0.1.0",
        "start_time_seconds": "1748864431",
        "python_version": "3.10.1 (tags/v3.10.1:2cd268a, Dec  6 2021, 19:10:37) [MSC v.1929 64 bit (AMD64)]",
        "command_line_arguments": "C:\\Users\\User\\drone-hunting-by-a-drone-swarm\\venv\\Scripts\\mlagents-learn config/phase2_config.yaml --run-id=DroneFlight_20mRay --resume",
        "mlagents_version": "1.1.0",
        "mlagents_envs_version": "1.1.0",
        "communication_protocol_version": "1.5.0",
        "pytorch_version": "2.7.0+cu118",
        "numpy_version": "1.23.5",
        "end_time_seconds": "1748864947"
    },
    "total": 516.390591000003,
    "count": 1,
    "self": 0.006172400011564605,
    "children": {
        "run_training.setup": {
            "total": 0.08798579999711365,
            "count": 1,
            "self": 0.08798579999711365
        },
        "TrainerController.start_learning": {
            "total": 516.2964327999944,
            "count": 1,
            "self": 0.91368089732714,
            "children": {
                "TrainerController._reset_env": {
                    "total": 9.616860000009183,
                    "count": 1,
                    "self": 9.616860000009183
                },
                "TrainerController.advance": {
                    "total": 505.52695550264616,
                    "count": 54839,
                    "self": 0.8378458998195129,
                    "children": {
                        "env_step": {
                            "total": 484.13140080095036,
                            "count": 54839,
                            "self": 262.9341272001184,
                            "children": {
                                "SubprocessEnvManager._take_step": {
                                    "total": 220.58899799986102,
                                    "count": 54839,
                                    "self": 3.207390200710506,
                                    "children": {
                                        "TorchPolicy.evaluate": {
                                            "total": 217.38160779915052,
                                            "count": 54464,
                                            "self": 217.38160779915052
                                        }
                                    }
                                },
                                "workers": {
                                    "total": 0.6082756009709556,
                                    "count": 54838,
                                    "self": 0.0,
                                    "children": {
                                        "worker_root": {
                                            "total": 478.886350701825,
                                            "count": 54838,
                                            "is_parallel": true,
                                            "self": 289.4735662010935,
                                            "children": {
                                                "steps_from_proto": {
                                                    "total": 0.0002634999982547015,
                                                    "count": 1,
                                                    "is_parallel": true,
                                                    "self": 9.679999493528157e-05,