{
    "name": "root",
    "gauges": {
        "DroneFlight.Policy.Entropy.mean": {
            "value": 0.07769536972045898,
            "min": 0.07769536972045898,
            "max": 0.33104467391967773,
            "count": 158
        },
        "DroneFlight.Policy.Entropy.sum": {
            "value": 781.38232421875,
            "min": 771.6651611328125,
            "max": 3301.9501953125,
            "count": 158
        },
        "DroneFlight.Step.mean": {
            "value": 5549999.0,
            "min": 3979994.0,
            "max": 5549999.0,
            "count": 158
        },
        "DroneFlight.Step.sum": {
            "value": 5549999.0,
            "min": 3979994.0,
            "max": 5549999.0,
            "count": 158
        },
        "DroneFlight.Policy.ExtrinsicValueEstimate.mean": {
            "value": 441.55413818359375,
            "min": 4.580772876739502,
            "max": 522.4501953125,
            "count": 158
        },
        "DroneFlight.Policy.ExtrinsicValueEstimate.sum": {
            "value": 83453.734375,
            "min": 169.4886016845703,
            "max": 95091.515625,
            "count": 158
        },
        "DroneFlight.Environment.EpisodeLength.mean": {
            "value": 153.72307692307692,
            "min": 134.80555555555554,
            "max": 1999.0,
            "count": 158
        },
        "DroneFlight.Environment.EpisodeLength.sum": {
            "value": 9992.0,
            "min": 2265.0,
            "max": 11639.0,
            "count": 158
        },
        "DroneFlight.Environment.CumulativeReward.mean": {
            "value": 852.4876561412444,
            "min": -30.061829160153867,
            "max": 955.0912174477297,
            "count": 158
        },
        "DroneFlight.Environment.CumulativeReward.sum": {
            "value": 55411.69764918089,
            "min": -150.30914580076933,
            "max": 63490.12068903446,
            "count": 158
        },
        "DroneFlight.Policy.ExtrinsicReward.mean": {
            "value": 852.4876561412444,
            "min": -30.061829160153867,
            "max": 955.0912174477297,
            "count": 158
        },
        "DroneFlight.Policy.ExtrinsicReward.sum": {
            "value": 55411.69764918089,
            "min": -150.30914580076933,
            "max": 63490.12068903446,
            "count": 158
        },
        "DroneFlight.IsTraining.mean": {
            "value": 1.0,
            "min": 1.0,
            "max": 1.0,
            "count": 158
        },
        "DroneFlight.IsTraining.sum": {
            "value": 1.0,
            "min": 1.0,
            "max": 1.0,
            "count": 158
        },
        "DroneFlight.Losses.PolicyLoss.mean": {
            "value": 0.028155640262411907,
            "min": 0.02467488930819349,
            "max": 0.04319709362850214,
            "count": 157
        },
        "DroneFlight.Losses.PolicyLoss.sum": {
            "value": 0.056311280524823815,
            "min": 0.05091740940891516,
            "max": 0.12959128088550642,
            "count": 157
        },
        "DroneFlight.Losses.ValueLoss.mean": {
            "value": 6201.999043782553,
            "min": 15.295290423764124,
            "max": 12216.706081814236,
            "count": 157
        },
        "DroneFlight.Losses.ValueLoss.sum": {
            "value": 12403.998087565105,
            "min": 45.88587127129237,
            "max": 36650.11824544271,
            "count": 157
        },
        "DroneFlight.Policy.LearningRate.mean": {
            "value": 0.0002994455379848207,
            "min": 0.0002994455379848207,
            "max": 0.0002996016087327971,
            "count": 157
        },
        "DroneFlight.Policy.LearningRate.sum": {
            "value": 0.0005988910759696414,
            "min": 0.0005988910759696414,
            "max": 0.0008988017313994229,
            "count": 157
        },
        "DroneFlight.Policy.Epsilon.mean": {
            "value": 0.1998151792666667,
            "min": 0.1998151792666667,
            "max": 0.19986720286666665,
            "count": 157
        },
        "DroneFlight.Policy.Epsilon.sum": {
            "value": 0.3996303585333334,
            "min": 0.3996303585333334,
            "max": 0.599600577,
            "count": 157
        },
        "DroneFlight.Policy.Beta.mean": {
            "value": 0.0004990943784066667,
            "min": 0.0004990943784066667,
            "max": 0.0004993492940466666,
            "count": 157
        },
        "DroneFlight.Policy.Beta.sum": {
            "value": 0.0009981887568133335,
            "min": 0.0009981887568133335,
            "max": 0.0014980428273,
            "count": 157
        }
    },
    "metadata": {
        "timer_format_version": "0.1.0",
        "start_time_seconds": "1747242232",
        "python_version": "3.10.1 (tags/v3.10.1:2cd268a, Dec  6 2021, 19:10:37) [MSC v.1929 64 bit (AMD64)]",
        "command_line_arguments": "C:\\Users\\User\\drone-hunting-by-a-drone-swarm\\venv\\Scripts\\mlagents-learn config/phase2_config.yaml --run-id=phase2_target --resume",
        "mlagents_version": "1.1.0",
        "mlagents_envs_version": "1.1.0",
        "communication_protocol_version": "1.5.0",
        "pytorch_version": "2.7.0+cu118",
        "numpy_version": "1.23.5",
        "end_time_seconds": "1747254365"
    },
    "total": 12132.511471499998,
    "count": 1,
    "self": 0.005709599998226622,
    "children": {
        "run_training.setup": {
            "total": 0.08710529999734717,
            "count": 1,
            "self": 0.08710529999734717
        },
        "TrainerController.start_learning": {
            "total": 12132.418656600003,
            "count": 1,
            "self": 26.883701594386366,
            "children": {
                "TrainerController._reset_env": {
                    "total": 11.392565500002092,
                    "count": 1,
                    "self": 11.392565500002092
                },
                "TrainerController.advance": {
                    "total": 12093.987993205614,
                    "count": 1580756,
                    "self": 24.041224399948987,
                    "children": {
                        "env_step": {
                            "total": 11553.749770403472,
                            "count": 1580756,
                            "self": 6244.620896900255,
                            "children": {
                                "SubprocessEnvManager._take_step": {
                                    "total": 5291.666026600906,
                                    "count": 1580756,
                                    "self": 83.09297109680847,
                                    "children": {
                                        "TorchPolicy.evaluate": {
                                            "total": 5208.573055504097,
                                            "count": 1576984,
                                            "self": 5208.573055504097
                                        }
                                    }
                                },
                                "workers": {
                                    "total": 17.462846902311867,
                                    "count": 1580755,
                                    "self": 0.0,
                                    "children": {
                                        "worker_root": {
                                            "total": 12082.133939303603,
                                            "count": 1580755,
                                            "is_parallel": true,
                                            "self": 7112.303452604057,
                                            "children": {
                                                "steps_from_proto": {
                                                    "total": 0.00023919999875943176,
                                                    "count": 1,