{
    "name": "root",
    "gauges": {
        "DroneDefender.Policy.Entropy.mean": {
            "value": 1.1016614437103271,
            "min": 1.0373283624649048,
            "max": 1.1019331216812134,
            "count": 321
        },
        "DroneDefender.Policy.Entropy.sum": {
            "value": 10410.7001953125,
            "min": 9505.7734375,
            "max": 12061.6923828125,
            "count": 321
        },
        "DroneDefender.Environment.EpisodeLength.mean": {
            "value": 56.083333333333336,
            "min": 39.773809523809526,
            "max": 72.60130718954248,
            "count": 321
        },
        "DroneDefender.Environment.EpisodeLength.sum": {
            "value": 10095.0,
            "min": 7811.0,
            "max": 11443.0,
            "count": 321
        },
        "DroneDefender.Step.mean": {
            "value": 3209968.0,
            "min": 9942.0,
            "max": 3209968.0,
            "count": 321
        },
        "DroneDefender.Step.sum": {
            "value": 3209968.0,
            "min": 9942.0,
            "max": 3209968.0,
            "count": 321
        },
        "DroneDefender.Policy.ExtrinsicValueEstimate.mean": {
            "value": -21.08721923828125,
            "min": -1553.378173828125,
            "max": 82.6997299194336,
            "count": 321
        },
        "DroneDefender.Policy.ExtrinsicValueEstimate.sum": {
            "value": -5208.54296875,
            "min": -419412.09375,
            "max": 21750.029296875,
            "count": 321
        },
        "DroneDefender.Environment.CumulativeReward.mean": {
            "value": -48.40988335458004,
            "min": -67.8925307677936,
            "max": -38.98036538718677,
            "count": 321
        },
        "DroneDefender.Environment.CumulativeReward.sum": {
            "value": -8568.549353760667,
            "min": -12321.338548493572,
            "max": -6469.016705205431,
            "count": 321
        },
        "DroneDefender.Policy.ExtrinsicReward.mean": {
            "value": -48.40988335458004,
            "min": -67.8925307677936,
            "max": -38.98036538718677,
            "count": 321
        },
        "DroneDefender.Policy.ExtrinsicReward.sum": {
            "value": -8568.549353760667,
            "min": -12321.338548493572,
            "max": -6469.016705205431,
            "count": 321
        },
        "DroneDefender.IsTraining.mean": {
            "value": 1.0,
            "min": 1.0,
            "max": 1.0,
            "count": 321
        },
        "DroneDefender.IsTraining.sum": {
            "value": 1.0,
            "min": 1.0,
            "max": 1.0,
            "count": 321
        },
        "DroneDefender.Losses.PolicyLoss.mean": {
            "value": 0.02369982094193498,
            "min": 0.0161022358147117,
            "max": 0.03419107993443807,
            "count": 309
        },
        "DroneDefender.Losses.PolicyLoss.sum": {
            "value": 0.02369982094193498,
            "min": 0.0161022358147117,
            "max": 0.03419107993443807,
            "count": 309
        },
        "DroneDefender.Losses.ValueLoss.mean": {
            "value": 457.1435053507487,
            "min": 189.7663314819336,
            "max": 1361555.5583333333,
            "count": 309
        },
        "DroneDefender.Losses.ValueLoss.sum": {
            "value": 457.1435053507487,
            "min": 189.7663314819336,
            "max": 1361555.5583333333,
            "count": 309
        },
        "DroneDefender.Policy.LearningRate.mean": {
            "value": 0.0002990382336205889,
            "min": 0.0002990382336205889,
            "max": 0.0002999968446010519,
            "count": 309
        },
        "DroneDefender.Policy.LearningRate.sum": {
            "value": 0.0002990382336205889,
            "min": 0.0002990382336205889,
            "max": 0.0002999968446010519,
            "count": 309
        },
        "DroneDefender.Policy.Epsilon.mean": {
            "value": 0.1996794111,
            "min": 0.1996794111,
            "max": 0.19999894820000008,
            "count": 309
        },
        "DroneDefender.Policy.Epsilon.sum": {
            "value": 0.1996794111,
            "min": 0.1996794111,
            "max": 0.19999894820000008,
            "count": 309
        },
        "DroneDefender.Policy.Beta.mean": {
            "value": 0.0004984291143900003,
            "min": 0.0004984291143900003,
            "max": 0.0004999948461799999,
            "count": 309
        },
        "DroneDefender.Policy.Beta.sum": {
            "value": 0.0004984291143900003,
            "min": 0.0004984291143900003,
            "max": 0.0004999948461799999,
            "count": 309
        },
        "DroneAttacker.Policy.Entropy.mean": {
            "value": 1.1865965127944946,
            "min": 1.1865965127944946,
            "max": 1.2205595970153809,
            "count": 53
        },
        "DroneAttacker.Policy.Entropy.sum": {
            "value": 11875.4580078125,
            "min": 11752.515625,
            "max": 12485.3837890625,
            "count": 53
        },
        "DroneAttacker.Environment.EpisodeLength.mean": {
            "value": 68.62937062937063,
            "min": 54.28491620111732,
            "max": 73.33082706766918,
            "count": 53
        },
        "DroneAttacker.Environment.EpisodeLength.sum": {
            "value": 9814.0,
            "min": 9506.0,
            "max": 10074.0,
            "count": 53
        },
        "DroneAttacker.Step.mean": {
            "value": 529980.0,
            "min": 9997.0,
            "max": 529980.0,
            "count": 53
        },
        "DroneAttacker.Step.sum": {
            "value": 529980.0,
            "min": 9997.0,
            "max": 529980.0,
            "count": 53
        },
        "DroneAttacker.Policy.ExtrinsicValueEstimate.mean": {
            "value": 3611.2255859375,
            "min": 3397.0654296875,
            "max": 42835.25390625,
            "count": 53
        },
        "DroneAttacker.Policy.ExtrinsicValueEstimate.sum": {
            "value": 812525.75,
            "min": 805104.5,
            "max": 10880154.0,
            "count": 53
        },
        "DroneAttacker.Environment.CumulativeReward.mean": {
            "value": -0.5313987638410571,
            "min": -0.5313987638410571,
            "max": 585.6768182460581,
            "count": 53
        },
        "DroneAttacker.Environment.CumulativeReward.sum": {
            "value": -75.99002322927117,
            "min": -75.99002322927117,
            "max": 91294.1900248155,
            "count": 53
        },
        "DroneAttacker.Policy.ExtrinsicReward.mean": {
            "value": -0.5313987638410571,
            "min": -0.5313987638410571,
            "max": 585.6768182460581,
            "count": 53
        },
        "DroneAttacker.Policy.ExtrinsicReward.sum": {
            "value": -75.99002322927117,
            "min": -75.99002322927117,
            "max": 91294.1900248155,
            "count": 53
        },
        "DroneAttacker.IsTraining.mean": {
            "value": 1.0,
            "min": 1.0,
            "max": 1.0,
            "count": 53
        },
        "DroneAttacker.IsTraining.sum": {
            "value": 1.0,
            "min": 1.0,
            "max": 1.0,
            "count": 53
        },
        "DroneAttacker.Losses.PolicyLoss.mean": {
            "value": 0.02360660783791294,
            "min": 0.01547712601410846,
            "max": 0.03231694111600518,
            "count": 51
        },
        "DroneAttacker.Losses.PolicyLoss.sum": {
            "value": 0.02360660783791294,
            "min": 0.01547712601410846,
            "max": 0.03231694111600518,
            "count": 51
        },
        "DroneAttacker.Losses.ValueLoss.mean": {
            "value": 11024019.1,
            "min": 10885666.333333334,
            "max": 396198148.26666665,