{
    "name": "root",
    "gauges": {
        "DroneAttacker.Policy.Entropy.mean": {
            "value": 0.5539406538009644,
            "min": 0.5539406538009644,
            "max": 0.5619162917137146,
            "count": 5
        },
        "DroneAttacker.Policy.Entropy.sum": {
            "value": 5468.501953125,
            "min": 350.6357727050781,
            "max": 5843.9296875,
            "count": 5
        },
        "DroneAttacker.Environment.EpisodeLength.mean": {
            "value": 105.94252873563218,
            "min": 20.0,
            "max": 115.0,
            "count": 5
        },
        "DroneAttacker.Environment.EpisodeLength.sum": {
            "value": 9217.0,
            "min": 20.0,
            "max": 10350.0,
            "count": 5
        },
        "DroneAttacker.IsTraining.mean": {
            "value": 1.0,
            "min": 1.0,
            "max": 1.0,
            "count": 5
        },
        "DroneAttacker.IsTraining.sum": {
            "value": 1.0,
            "min": 1.0,
            "max": 1.0,
            "count": 5
        },
        "DroneAttacker.Step.mean": {
            "value": 3539942.0,
            "min": 3509976.0,
            "max": 3539942.0,
            "count": 4
        },
        "DroneAttacker.Step.sum": {
            "value": 3539942.0,
            "min": 3509976.0,
            "max": 3539942.0,
            "count": 4
        },
        "DroneAttacker.Policy.ExtrinsicValueEstimate.mean": {
            "value": -46.8935546875,
            "min": -46.8935546875,
            "max": 37.221927642822266,
            "count": 4
        },
        "DroneAttacker.Policy.ExtrinsicValueEstimate.sum": {
            "value": -9472.498046875,
            "min": -9472.498046875,
            "max": 7667.71728515625,
            "count": 4
        },
        "DroneAttacker.Environment.CumulativeReward.mean": {
            "value": -218.91954022988506,
            "min": -284.9032258064516,
            "max": -75.42857142857143,
            "count": 4
        },
        "DroneAttacker.Environment.CumulativeReward.sum": {
            "value": -19046.0,
            "min": -26496.0,
            "max": -6864.0,
            "count": 4
        },
        "DroneAttacker.Policy.ExtrinsicReward.mean": {
            "value": -218.91954022988506,
            "min": -284.9032258064516,
            "max": -75.42857142857143,
            "count": 4
        },
        "DroneAttacker.Policy.ExtrinsicReward.sum": {
            "value": -19046.0,
            "min": -26496.0,
            "max": -6864.0,
            "count": 4
        },
        "DroneAttacker.Losses.PolicyLoss.mean": {
            "value": 0.024667416031782827,
            "min": 0.024667416031782827,
            "max": 0.026816521864384414,
            "count": 3
        },
        "DroneAttacker.Losses.PolicyLoss.sum": {
            "value": 0.024667416031782827,
            "min": 0.024667416031782827,
            "max": 0.026816521864384414,
            "count": 3
        },
        "DroneAttacker.Losses.ValueLoss.mean": {
            "value": 55489.223828125,
            "min": 54617.58111979167,
            "max": 57486.27291666667,
            "count": 3
        },
        "DroneAttacker.Losses.ValueLoss.sum": {
            "value": 55489.223828125,
            "min": 54617.58111979167,
            "max": 57486.27291666667,
            "count": 3
        },
        "DroneAttacker.Policy.LearningRate.mean": {
            "value": 0.0003,
            "min": 0.0003,
            "max": 0.0003,
            "count": 3
        },
        "DroneAttacker.Policy.LearningRate.sum": {
            "value": 0.0003,
            "min": 0.0003,
            "max": 0.0003,
            "count": 3
        },
        "DroneAttacker.Policy.Epsilon.mean": {
            "value": 0.20000000000000007,
            "min": 0.20000000000000007,
            "max": 0.20000000000000007,
            "count": 3
        },
        "DroneAttacker.Policy.Epsilon.sum": {
            "value": 0.20000000000000007,
            "min": 0.20000000000000007,
            "max": 0.20000000000000007,
            "count": 3
        },
        "DroneAttacker.Policy.Beta.mean": {
            "value": 9.999999999999998e-05,
            "min": 9.999999999999998e-05,
            "max": 9.999999999999998e-05,
            "count": 3
        },
        "DroneAttacker.Policy.Beta.sum": {
            "value": 9.999999999999998e-05,
            "min": 9.999999999999998e-05,
            "max": 9.999999999999998e-05,
            "count": 3
        }
    },
    "metadata": {
        "timer_format_version": "0.1.0",
        "start_time_seconds": "1748543986",
        "python_version": "3.10.1 (tags/v3.10.1:2cd268a, Dec  6 2021, 19:10:37) [MSC v.1929 64 bit (AMD64)]",
        "command_line_arguments": "C:\\Users\\User\\drone-hunting-by-a-drone-swarm\\venv\\Scripts\\mlagents-learn config/phase_attacker_active.yaml --run-id=phase3_switch --env=build\\phase3_switch.exe --num-envs=2 --no-graphics --resume",
        "mlagents_version": "1.1.0",
        "mlagents_envs_version": "1.1.0",
        "communication_protocol_version": "1.5.0",
        "pytorch_version": "2.7.0+cu118",
        "numpy_version": "1.23.5",
        "end_time_seconds": "1748544111"
    },
    "total": 124.40293850000307,
    "count": 1,
    "self": 0.037325900011637714,
    "children": {
        "run_training.setup": {
            "total": 0.15473379999457393,
            "count": 1,
            "self": 0.15473379999457393
        },
        "TrainerController.start_learning": {
            "total": 124.21087879999686,
            "count": 1,
            "self": 0.09212480022688396,
            "children": {
                "TrainerController._reset_env": {
                    "total": 5.412777700003062,
                    "count": 1,
                    "self": 5.412777700003062
                },
                "TrainerController.advance": {
                    "total": 118.43050619976566,
                    "count": 3365,
                    "self": 0.10863109955243999,
                    "children": {
                        "env_step": {
                            "total": 32.755742500135966,
                            "count": 3365,
                            "self": 13.209319000321557,
                            "children": {
                                "SubprocessEnvManager._take_step": {
                                    "total": 19.505566999934672,
                                    "count": 3373,
                                    "self": 0.7206718999950681,
                                    "children": {
                                        "TorchPolicy.evaluate": {
                                            "total": 18.784895099939604,
                                            "count": 5613,
                                            "self": 18.784895099939604
                                        }
                                    }
                                },
                                "workers": {
                                    "total": 0.040856499879737385,
                                    "count": 3365,
                                    "self": 0.0,
                                    "children": {
                                        "worker_root": {
                                            "total": 238.05719069997576,
                                            "count": 3372,
                                            "is_parallel": true,
                                            "self": 206.70845999999437,
                                            "children": {
                                                "steps_from_proto": {
                                                    "total": 0.004262200003722683,
                                                    "count": 4,
                                                    "is_parallel": true,