{
    "name": "root",
    "gauges": {
        "DroneDefender.Policy.Entropy.mean": {
            "value": 1.2599239349365234,
            "min": 1.2577695846557617,
            "max": 1.3910191059112549,
            "count": 172
        },
        "DroneDefender.Policy.Entropy.sum": {
            "value": 12314.4970703125,
            "min": 7503.9990234375,
            "max": 15023.005859375,
            "count": 172
        },
        "DroneDefender.Environment.EpisodeLength.mean": {
            "value": 94.0909090909091,
            "min": 26.348484848484848,
            "max": 114.6219512195122,
            "count": 172
        },
        "DroneDefender.Environment.EpisodeLength.sum": {
            "value": 10350.0,
            "min": 3478.0,
            "max": 12053.0,
            "count": 172
        },
        "DroneDefender.Step.mean": {
            "value": 2109993.0,
            "min": 399994.0,
            "max": 2109993.0,
            "count": 172
        },
        "DroneDefender.Step.sum": {
            "value": 2109993.0,
            "min": 399994.0,
            "max": 2109993.0,
            "count": 172
        },
        "DroneDefender.Policy.ExtrinsicValueEstimate.mean": {
            "value": -16.309953689575195,
            "min": -3551.4140625,
            "max": -11.989187240600586,
            "count": 172
        },
        "DroneDefender.Policy.ExtrinsicValueEstimate.sum": {
            "value": -3588.189697265625,
            "min": -1020241.625,
            "max": -2577.67529296875,
            "count": 172
        },
        "DroneDefender.Environment.CumulativeReward.mean": {
            "value": -307.35589990534567,
            "min": -4703.677938796023,
            "max": -178.8665717973194,
            "count": 172
        },
        "DroneDefender.Environment.CumulativeReward.sum": {
            "value": -33809.14898958802,
            "min": -1321733.5008016825,
            "max": -18888.11441528797,
            "count": 172
        },
        "DroneDefender.Policy.ExtrinsicReward.mean": {
            "value": -307.35589990534567,
            "min": -4703.677938796023,
            "max": -178.8665717973194,
            "count": 172
        },
        "DroneDefender.Policy.ExtrinsicReward.sum": {
            "value": -33809.14898958802,
            "min": -1321733.5008016825,
            "max": -18888.11441528797,
            "count": 172
        },
        "DroneDefender.IsTraining.mean": {
            "value": 1.0,
            "min": 1.0,
            "max": 1.0,
            "count": 172
        },
        "DroneDefender.IsTraining.sum": {
            "value": 1.0,
            "min": 1.0,
            "max": 1.0,
            "count": 172
        },
        "DroneDefender.Losses.PolicyLoss.mean": {
            "value": 0.022725514167298875,
            "min": 0.015297285420820117,
            "max": 0.03472184521767,
            "count": 165
        },
        "DroneDefender.Losses.PolicyLoss.sum": {
            "value": 0.022725514167298875,
            "min": 0.015297285420820117,
            "max": 0.03472184521767,
            "count": 165
        },
        "DroneDefender.Losses.ValueLoss.mean": {
            "value": 5322.392399088541,
            "min": 894.5552307128906,
            "max": 5024300.45,
            "count": 165
        },
        "DroneDefender.Losses.ValueLoss.sum": {
            "value": 5322.392399088541,
            "min": 894.5552307128906,
            "max": 5024300.45,
            "count": 165
        },
        "DroneDefender.Policy.LearningRate.mean": {
            "value": 0.0002993670791109736,
            "min": 0.0002993670791109736,
            "max": 0.0002998782135405954,
            "count": 165
        },
        "DroneDefender.Policy.LearningRate.sum": {
            "value": 0.0002993670791109736,
            "min": 0.0002993670791109736,
            "max": 0.0002998782135405954,
            "count": 165
        },
        "DroneDefender.Policy.Epsilon.mean": {
            "value": 0.1997890263000001,
            "min": 0.1997890263000001,
            "max": 0.19995940450000008,
            "count": 165
        },
        "DroneDefender.Policy.Epsilon.sum": {
            "value": 0.1997890263000001,
            "min": 0.1997890263000001,
            "max": 0.19995940450000008,
            "count": 165
        },
        "DroneDefender.Policy.Beta.mean": {
            "value": 0.0004989662288699999,
            "min": 0.0004989662288699999,
            "max": 0.0004998010820500001,
            "count": 165
        },
        "DroneDefender.Policy.Beta.sum": {
            "value": 0.0004989662288699999,
            "min": 0.0004989662288699999,
            "max": 0.0004998010820500001,
            "count": 165
        },
        "DroneAttacker.Policy.Entropy.mean": {
            "value": 0.9482409358024597,
            "min": 0.9482409358024597,
            "max": 0.9998318552970886,
            "count": 28
        },
        "DroneAttacker.Policy.Entropy.sum": {
            "value": 9489.9951171875,
            "min": 9430.4140625,
            "max": 10012.7890625,
            "count": 28
        },
        "DroneAttacker.Environment.EpisodeLength.mean": {
            "value": 97.15533980582525,
            "min": 88.61052631578947,
            "max": 105.48351648351648,
            "count": 28
        },
        "DroneAttacker.Environment.EpisodeLength.sum": {
            "value": 10007.0,
            "min": 8418.0,
            "max": 10107.0,
            "count": 28
        },
        "DroneAttacker.Step.mean": {
            "value": 3939997.0,
            "min": 3669990.0,
            "max": 3939997.0,
            "count": 28
        },
        "DroneAttacker.Step.sum": {
            "value": 3939997.0,
            "min": 3669990.0,
            "max": 3939997.0,
            "count": 28
        },
        "DroneAttacker.Policy.ExtrinsicValueEstimate.mean": {
            "value": 343.5263977050781,
            "min": 241.36141967773438,
            "max": 5774.81787109375,
            "count": 28
        },
        "DroneAttacker.Policy.ExtrinsicValueEstimate.sum": {
            "value": 71797.015625,
            "min": 49237.73046875,
            "max": 1097215.375,
            "count": 28
        },
        "DroneAttacker.Environment.CumulativeReward.mean": {
            "value": 519.7225485409008,
            "min": -227.1257120768229,
            "max": 665.8752360026042,
            "count": 28
        },
        "DroneAttacker.Environment.CumulativeReward.sum": {
            "value": 53011.699951171875,
            "min": -23848.199768066406,
            "max": 69916.89978027344,
            "count": 28
        },
        "DroneAttacker.Policy.ExtrinsicReward.mean": {
            "value": 519.7225485409008,
            "min": -227.1257120768229,
            "max": 665.8752360026042,
            "count": 28
        },
        "DroneAttacker.Policy.ExtrinsicReward.sum": {
            "value": 53011.699951171875,
            "min": -23848.199768066406,
            "max": 69916.89978027344,
            "count": 28
        },
        "DroneAttacker.IsTraining.mean": {
            "value": 1.0,
            "min": 1.0,
            "max": 1.0,
            "count": 28
        },
        "DroneAttacker.IsTraining.sum": {
            "value": 1.0,
            "min": 1.0,
            "max": 1.0,
            "count": 28
        },
        "DroneAttacker.Losses.PolicyLoss.mean": {
            "value": 0.018896825223540265,
            "min": 0.018896825223540265,
            "max": 0.0321429039662083,
            "count": 27
        },
        "DroneAttacker.Losses.PolicyLoss.sum": {
            "value": 0.018896825223540265,
            "min": 0.018896825223540265,
            "max": 0.0321429039662083,
            "count": 27
        },
        "DroneAttacker.Losses.ValueLoss.mean": {
            "value": 143405.83020833333,
            "min": 141045.309375,