{
    "name": "root",
    "gauges": {
        "DroneFlight.Policy.Entropy.mean": {
            "value": -0.1434388905763626,
            "min": -0.1434388905763626,
            "max": -0.01739468425512314,
            "count": 157
        },
        "DroneFlight.Policy.Entropy.sum": {
            "value": -1431.8070068359375,
            "min": -1432.2945556640625,
            "max": -159.2456512451172,
            "count": 157
        },
        "DroneFlight.Environment.EpisodeLength.mean": {
            "value": 126.13157894736842,
            "min": 126.13157894736842,
            "max": 313.15625,
            "count": 157
        },
        "DroneFlight.Environment.EpisodeLength.sum": {
            "value": 9586.0,
            "min": 4400.0,
            "max": 11064.0,
            "count": 157
        },
        "DroneFlight.Step.mean": {
            "value": 7699950.0,
            "min": 6139962.0,
            "max": 7699950.0,
            "count": 157
        },
        "DroneFlight.Step.sum": {
            "value": 7699950.0,
            "min": 6139962.0,
            "max": 7699950.0,
            "count": 157
        },
        "DroneFlight.Policy.ExtrinsicValueEstimate.mean": {
            "value": 4075.861328125,
            "min": 1949.693603515625,
            "max": 4618.21630859375,
            "count": 157
        },
        "DroneFlight.Policy.ExtrinsicValueEstimate.sum": {
            "value": 798868.8125,
            "min": 219174.3125,
            "max": 849751.8125,
            "count": 157
        },
        "DroneFlight.Environment.CumulativeReward.mean": {
            "value": 5682.058056881553,
            "min": -846.753364381336,
            "max": 7989.9256427471455,
            "count": 157
        },
        "DroneFlight.Environment.CumulativeReward.sum": {
            "value": 431836.41232299805,
            "min": -35563.64130401611,
            "max": 519345.16677856445,
            "count": 157
        },
        "DroneFlight.Policy.ExtrinsicReward.mean": {
            "value": 5682.058056881553,
            "min": -846.753364381336,
            "max": 7989.9256427471455,
            "count": 157
        },
        "DroneFlight.Policy.ExtrinsicReward.sum": {
            "value": 431836.41232299805,
            "min": -35563.64130401611,
            "max": 519345.16677856445,
            "count": 157
        },
        "DroneFlight.Losses.PolicyLoss.mean": {
            "value": 0.027570964716788795,
            "min": 0.023958250440450177,
            "max": 0.04140764532591371,
            "count": 157
        },
        "DroneFlight.Losses.PolicyLoss.sum": {
            "value": 0.08271289415036638,
            "min": 0.038515162227364876,
            "max": 0.1218856626849932,
            "count": 157
        },
        "DroneFlight.Losses.ValueLoss.mean": {
            "value": 1814161.9756944447,
            "min": 950133.7200520834,
            "max": 3106364.7890625,
            "count": 157
        },
        "DroneFlight.Losses.ValueLoss.sum": {
            "value": 5442485.927083334,
            "min": 1967833.4609375,
            "max": 8126439.338541666,
            "count": 157
        },
        "DroneFlight.Policy.LearningRate.mean": {
            "value": 0.0002992304697231768,
            "min": 0.0002992304697231768,
            "max": 0.0002993860355046549,
            "count": 157
        },
        "DroneFlight.Policy.LearningRate.sum": {
            "value": 0.0008976914091695304,
            "min": 0.0002993860355046549,
            "max": 0.0008981506825164392,
            "count": 157
        },
        "DroneFlight.Policy.Epsilon.mean": {
            "value": 0.19974348982222223,
            "min": 0.19974348982222223,
            "max": 0.1997953451,
            "count": 157
        },
        "DroneFlight.Policy.Epsilon.sum": {
            "value": 0.5992304694666667,
            "min": 0.1997953451,
            "max": 0.5993835606333334,
            "count": 157
        },
        "DroneFlight.Policy.Beta.mean": {
            "value": 0.000498743100128889,
            "min": 0.000498743100128889,
            "max": 0.00049899719099,
            "count": 157
        },
        "DroneFlight.Policy.Beta.sum": {
            "value": 0.0014962293003866669,
            "min": 0.00049899719099,
            "max": 0.0014969794471033334,
            "count": 157
        },
        "DroneFlight.IsTraining.mean": {
            "value": 1.0,
            "min": 1.0,
            "max": 1.0,
            "count": 157
        },
        "DroneFlight.IsTraining.sum": {
            "value": 1.0,
            "min": 1.0,
            "max": 1.0,
            "count": 157
        }
    },
    "metadata": {
        "timer_format_version": "0.1.0",
        "start_time_seconds": "1747318403",
        "python_version": "3.10.1 (tags/v3.10.1:2cd268a, Dec  6 2021, 19:10:37) [MSC v.1929 64 bit (AMD64)]",
        "command_line_arguments": "C:\\Users\\User\\drone-hunting-by-a-drone-swarm\\venv\\Scripts\\mlagents-learn config/phase2_config.yaml --run-id=phase2_target --resume",
        "mlagents_version": "1.1.0",
        "mlagents_envs_version": "1.1.0",
        "communication_protocol_version": "1.5.0",
        "pytorch_version": "2.7.0+cu118",
        "numpy_version": "1.23.5",
        "end_time_seconds": "1747330692"
    },
    "total": 12289.322954,
    "count": 1,
    "self": 0.005618899998808047,
    "children": {
        "run_training.setup": {
            "total": 0.08852439999827766,
            "count": 1,
            "self": 0.08852439999827766
        },
        "TrainerController.start_learning": {
            "total": 12289.228810700002,
            "count": 1,
            "self": 26.007217197460704,
            "children": {
                "TrainerController._reset_env": {
                    "total": 9.69539789999908,
                    "count": 1,
                    "self": 9.69539789999908
                },
                "TrainerController.advance": {
                    "total": 12253.388775902542,
                    "count": 1580550,
                    "self": 23.95751529978952,
                    "children": {
                        "env_step": {
                            "total": 11711.85023380203,
                            "count": 1580550,
                            "self": 6476.4467338018585,
                            "children": {
                                "SubprocessEnvManager._take_step": {
                                    "total": 5217.806536302123,
                                    "count": 1580550,
                                    "self": 82.81026490165823,
                                    "children": {
                                        "TorchPolicy.evaluate": {
                                            "total": 5134.996271400465,
                                            "count": 1573108,
                                            "self": 5134.996271400465
                                        }
                                    }
                                },
                                "workers": {
                                    "total": 17.596963698048057,
                                    "count": 1580549,
                                    "self": 0.0,
                                    "children": {
                                        "worker_root": {
                                            "total": 12239.024123599771,
                                            "count": 1580549,
                                            "is_parallel": true,
                                            "self": 7027.96418589992,
                                            "children": {
                                                "steps_from_proto": {
                                                    "total": 0.0002319999985047616,
                                                    "count": 1,