{
    "name": "root",
    "gauges": {
        "DroneDefender.Policy.Entropy.mean": {
            "value": 1.3207427263259888,
            "min": 1.2532283067703247,
            "max": 1.3357419967651367,
            "count": 991
        },
        "DroneDefender.Policy.Entropy.sum": {
            "value": 13249.69140625,
            "min": 1263.488037109375,
            "max": 13755.146484375,
            "count": 991
        },
        "DroneDefender.Environment.EpisodeLength.mean": {
            "value": 899.0,
            "min": 39.4,
            "max": 2065.0,
            "count": 988
        },
        "DroneDefender.Environment.EpisodeLength.sum": {
            "value": 10788.0,
            "min": 591.0,
            "max": 21719.0,
            "count": 988
        },
        "DroneDefender.Step.mean": {
            "value": 13079977.0,
            "min": 3179939.0,
            "max": 13079977.0,
            "count": 991
        },
        "DroneDefender.Step.sum": {
            "value": 13079977.0,
            "min": 3179939.0,
            "max": 13079977.0,
            "count": 991
        },
        "DroneDefender.Policy.ExtrinsicValueEstimate.mean": {
            "value": 36.68223190307617,
            "min": -212.48268127441406,
            "max": 62.78239822387695,
            "count": 991
        },
        "DroneDefender.Policy.ExtrinsicValueEstimate.sum": {
            "value": 5832.474609375,
            "min": -33784.74609375,
            "max": 10421.8779296875,
            "count": 991
        },
        "DroneDefender.Environment.CumulativeReward.mean": {
            "value": 167.57272869348526,
            "min": -817.9385435797951,
            "max": 657.1164037386576,
            "count": 988
        },
        "DroneDefender.Environment.CumulativeReward.sum": {
            "value": 1340.581829547882,
            "min": -21956.148334026337,
            "max": 3942.698422431946,
            "count": 988
        },
        "DroneDefender.Policy.ExtrinsicReward.mean": {
            "value": 167.57272869348526,
            "min": -817.9385435797951,
            "max": 657.1164037386576,
            "count": 988
        },
        "DroneDefender.Policy.ExtrinsicReward.sum": {
            "value": 1340.581829547882,
            "min": -21956.148334026337,
            "max": 3942.698422431946,
            "count": 988
        },
        "DroneDefender.IsTraining.mean": {
            "value": 1.0,
            "min": 1.0,
            "max": 1.0,
            "count": 991
        },
        "DroneDefender.IsTraining.sum": {
            "value": 1.0,
            "min": 1.0,
            "max": 1.0,
            "count": 991
        },
        "DroneDefender.Losses.PolicyLoss.mean": {
            "value": 0.021936290695642433,
            "min": 0.01429938703464965,
            "max": 0.03476184674849113,
            "count": 951
        },
        "DroneDefender.Losses.PolicyLoss.sum": {
            "value": 0.021936290695642433,
            "min": 0.01429938703464965,
            "max": 0.03476184674849113,
            "count": 951
        },
        "DroneDefender.Losses.ValueLoss.mean": {
            "value": 80.58690656026205,
            "min": 4.680329887072245,
            "max": 12736.574658203124,
            "count": 951
        },
        "DroneDefender.Losses.ValueLoss.sum": {
            "value": 80.58690656026205,
            "min": 4.680329887072245,
            "max": 12736.574658203124,
            "count": 951
        },
        "DroneDefender.Policy.LearningRate.mean": {
            "value": 0.00029607752260749277,
            "min": 0.00029607752260749277,
            "max": 0.0002990431740189421,
            "count": 951
        },
        "DroneDefender.Policy.LearningRate.sum": {
            "value": 0.00029607752260749277,
            "min": 0.00029607752260749277,
            "max": 0.0002990431740189421,
            "count": 951
        },
        "DroneDefender.Policy.Epsilon.mean": {
            "value": 0.19869250709999994,
            "min": 0.19869250709999994,
            "max": 0.19968105790000007,
            "count": 951
        },
        "DroneDefender.Policy.Epsilon.sum": {
            "value": 0.19869250709999994,
            "min": 0.19869250709999994,
            "max": 0.19968105790000007,
            "count": 951
        },
        "DroneDefender.Policy.Beta.mean": {
            "value": 0.0004935932847899999,
            "min": 0.0004935932847899999,
            "max": 0.0004984371837099999,
            "count": 951
        },
        "DroneDefender.Policy.Beta.sum": {
            "value": 0.0004935932847899999,
            "min": 0.0004935932847899999,
            "max": 0.0004984371837099999,
            "count": 951
        },
        "DroneAttacker.Policy.Entropy.mean": {
            "value": 1.3151962757110596,
            "min": 1.3141642808914185,
            "max": 1.4069006443023682,
            "count": 165
        },
        "DroneAttacker.Policy.Entropy.sum": {
            "value": 13148.0166015625,
            "min": 3488.204345703125,
            "max": 14094.3310546875,
            "count": 165
        },
        "DroneAttacker.Step.mean": {
            "value": 2169974.0,
            "min": 529959.0,
            "max": 2169974.0,
            "count": 165
        },
        "DroneAttacker.Step.sum": {
            "value": 2169974.0,
            "min": 529959.0,
            "max": 2169974.0,
            "count": 165
        },
        "DroneAttacker.Policy.ExtrinsicValueEstimate.mean": {
            "value": -8.521373748779297,
            "min": -11.686117172241211,
            "max": -1.4573789834976196,
            "count": 165
        },
        "DroneAttacker.Policy.ExtrinsicValueEstimate.sum": {
            "value": -1397.50537109375,
            "min": -1904.8370361328125,
            "max": -236.09539794921875,
            "count": 165
        },
        "DroneAttacker.Environment.EpisodeLength.mean": {
            "value": 858.75,
            "min": 699.5714285714286,
            "max": 1212.125,
            "count": 165
        },
        "DroneAttacker.Environment.EpisodeLength.sum": {
            "value": 10305.0,
            "min": 2230.0,
            "max": 10944.0,
            "count": 165
        },
        "DroneAttacker.Environment.CumulativeReward.mean": {
            "value": -34.4060488541921,
            "min": -48.993914445241295,
            "max": -1.9141490459442139,
            "count": 165
        },
        "DroneAttacker.Environment.CumulativeReward.sum": {
            "value": -412.8725862503052,
            "min": -681.8683302402496,
            "max": -15.313192367553711,
            "count": 165
        },
        "DroneAttacker.Policy.ExtrinsicReward.mean": {
            "value": -34.4060488541921,
            "min": -48.993914445241295,
            "max": -1.9141490459442139,
            "count": 165
        },
        "DroneAttacker.Policy.ExtrinsicReward.sum": {
            "value": -412.8725862503052,
            "min": -681.8683302402496,
            "max": -15.313192367553711,
            "count": 165
        },
        "DroneAttacker.IsTraining.mean": {
            "value": 1.0,
            "min": 1.0,
            "max": 1.0,
            "count": 165
        },
        "DroneAttacker.IsTraining.sum": {
            "value": 1.0,
            "min": 1.0,
            "max": 1.0,
            "count": 165
        },
        "DroneAttacker.Losses.PolicyLoss.mean": {
            "value": 0.02287150975316763,
            "min": 0.015325854268545906,
            "max": 0.03178558430323998,
            "count": 159
        },
        "DroneAttacker.Losses.PolicyLoss.sum": {
            "value": 0.02287150975316763,
            "min": 0.015325854268545906,
            "max": 0.03178558430323998,
            "count": 159
        },
        "DroneAttacker.Losses.ValueLoss.mean": {
            "value": 5.185347533226013,
            "min": 2.15526917775472,