{
    "name": "root",
    "gauges": {
        "DroneDefender.Policy.Entropy.mean": {
            "value": 1.284812331199646,
            "min": 1.1462477445602417,
            "max": 1.2916815280914307,
            "count": 1009
        },
        "DroneDefender.Policy.Entropy.sum": {
            "value": 13598.4541015625,
            "min": 7922.8642578125,
            "max": 14054.560546875,
            "count": 1009
        },
        "DroneDefender.Environment.EpisodeLength.mean": {
            "value": 59.577922077922075,
            "min": 35.7992125984252,
            "max": 79.0,
            "count": 1009
        },
        "DroneDefender.Environment.EpisodeLength.sum": {
            "value": 9175.0,
            "min": 3183.0,
            "max": 11851.0,
            "count": 1009
        },
        "DroneDefender.Step.mean": {
            "value": 10829989.0,
            "min": 749958.0,
            "max": 10829989.0,
            "count": 1009
        },
        "DroneDefender.Step.sum": {
            "value": 10829989.0,
            "min": 749958.0,
            "max": 10829989.0,
            "count": 1009
        },
        "DroneDefender.Policy.ExtrinsicValueEstimate.mean": {
            "value": -56.73390197753906,
            "min": -60.421791076660156,
            "max": 0.3695172369480133,
            "count": 1009
        },
        "DroneDefender.Policy.ExtrinsicValueEstimate.sum": {
            "value": -13332.466796875,
            "min": -16642.318359375,
            "max": 43.97254943847656,
            "count": 1009
        },
        "DroneDefender.Environment.CumulativeReward.mean": {
            "value": -328.81712295674976,
            "min": -621.7971668711781,
            "max": -203.29215828642623,
            "count": 1009
        },
        "DroneDefender.Environment.CumulativeReward.sum": {
            "value": -51624.28830420971,
            "min": -100898.91790982545,
            "max": -33453.74784678966,
            "count": 1009
        },
        "DroneDefender.Policy.ExtrinsicReward.mean": {
            "value": -328.81712295674976,
            "min": -621.7971668711781,
            "max": -203.29215828642623,
            "count": 1009
        },
        "DroneDefender.Policy.ExtrinsicReward.sum": {
            "value": -51624.28830420971,
            "min": -100898.91790982545,
            "max": -33453.74784678966,
            "count": 1009
        },
        "DroneDefender.IsTraining.mean": {
            "value": 1.0,
            "min": 1.0,
            "max": 1.0,
            "count": 1009
        },
        "DroneDefender.IsTraining.sum": {
            "value": 1.0,
            "min": 1.0,
            "max": 1.0,
            "count": 1009
        },
        "DroneDefender.Losses.PolicyLoss.mean": {
            "value": 0.02071914536257585,
            "min": 0.014655115051815907,
            "max": 0.03470758534967899,
            "count": 972
        },
        "DroneDefender.Losses.PolicyLoss.sum": {
            "value": 0.02071914536257585,
            "min": 0.014655115051815907,
            "max": 0.03470758534967899,
            "count": 972
        },
        "DroneDefender.Losses.ValueLoss.mean": {
            "value": 7628.752685546875,
            "min": 4709.310123697916,
            "max": 94972.96705729167,
            "count": 972
        },
        "DroneDefender.Losses.ValueLoss.sum": {
            "value": 7628.752685546875,
            "min": 4709.310123697916,
            "max": 94972.96705729167,
            "count": 972
        },
        "DroneDefender.Policy.LearningRate.mean": {
            "value": 0.0002967537310820899,
            "min": 0.0002967537310820899,
            "max": 0.00029977348237550584,
            "count": 972
        },
        "DroneDefender.Policy.LearningRate.sum": {
            "value": 0.0002967537310820899,
            "min": 0.0002967537310820899,
            "max": 0.00029977348237550584,
            "count": 972
        },
        "DroneDefender.Policy.Epsilon.mean": {
            "value": 0.19891790999999992,
            "min": 0.19891790999999992,
            "max": 0.19992449410000007,
            "count": 972
        },
        "DroneDefender.Policy.Epsilon.sum": {
            "value": 0.19891790999999992,
            "min": 0.19891790999999992,
            "max": 0.19992449410000007,
            "count": 972
        },
        "DroneDefender.Policy.Beta.mean": {
            "value": 0.0004946977590000001,
            "min": 0.0004946977590000001,
            "max": 0.0004996300210900001,
            "count": 972
        },
        "DroneDefender.Policy.Beta.sum": {
            "value": 0.0004946977590000001,
            "min": 0.0004946977590000001,
            "max": 0.0004996300210900001,
            "count": 972
        },
        "DroneAttacker.Policy.Entropy.mean": {
            "value": 1.0225592851638794,
            "min": 1.0225592851638794,
            "max": 1.1703979969024658,
            "count": 168
        },
        "DroneAttacker.Policy.Entropy.sum": {
            "value": 10178.5546875,
            "min": 7194.4365234375,
            "max": 11781.91796875,
            "count": 168
        },
        "DroneAttacker.Step.mean": {
            "value": 1799988.0,
            "min": 129997.0,
            "max": 1799988.0,
            "count": 168
        },
        "DroneAttacker.Step.sum": {
            "value": 1799988.0,
            "min": 129997.0,
            "max": 1799988.0,
            "count": 168
        },
        "DroneAttacker.Policy.ExtrinsicValueEstimate.mean": {
            "value": 3397.613525390625,
            "min": 970.8831176757812,
            "max": 4382.78662109375,
            "count": 168
        },
        "DroneAttacker.Policy.ExtrinsicValueEstimate.sum": {
            "value": 774655.875,
            "min": 209850.34375,
            "max": 1073782.75,
            "count": 168
        },
        "DroneAttacker.Environment.EpisodeLength.mean": {
            "value": 64.8255033557047,
            "min": 48.865671641791046,
            "max": 72.42307692307692,
            "count": 168
        },
        "DroneAttacker.Environment.EpisodeLength.sum": {
            "value": 9659.0,
            "min": 5649.0,
            "max": 10246.0,
            "count": 168
        },
        "DroneAttacker.Environment.CumulativeReward.mean": {
            "value": 3002.691275167785,
            "min": 1.0909090909090908,
            "max": 4774.64705882353,
            "count": 168
        },
        "DroneAttacker.Environment.CumulativeReward.sum": {
            "value": 447401.0,
            "min": 84.0,
            "max": 730322.0,
            "count": 168
        },
        "DroneAttacker.Policy.ExtrinsicReward.mean": {
            "value": 3002.691275167785,
            "min": 1.0909090909090908,
            "max": 4774.64705882353,
            "count": 168
        },
        "DroneAttacker.Policy.ExtrinsicReward.sum": {
            "value": 447401.0,
            "min": 84.0,
            "max": 730322.0,
            "count": 168
        },
        "DroneAttacker.IsTraining.mean": {
            "value": 1.0,
            "min": 1.0,
            "max": 1.0,
            "count": 168
        },
        "DroneAttacker.IsTraining.sum": {
            "value": 1.0,
            "min": 1.0,
            "max": 1.0,
            "count": 168
        },
        "DroneAttacker.Losses.PolicyLoss.mean": {
            "value": 0.024074445044000945,
            "min": 0.015263084353258212,
            "max": 0.031042106139163177,
            "count": 163
        },
        "DroneAttacker.Losses.PolicyLoss.sum": {
            "value": 0.024074445044000945,
            "min": 0.015263084353258212,
            "max": 0.031042106139163177,
            "count": 163
        },
        "DroneAttacker.Losses.ValueLoss.mean": {
            "value": 1692813.625,
            "min": 1051745.20625,
            "max": 4243153.258333334,