{"count":1,"self":52.966515199999996,"total":496.2463598,"children":{"InitializeActuators":{"count":150,"self":0.0030337999999999997,"total":0.0030337999999999997,"children":null},"InitializeSensors":{"count":150,"self":0.0010278,"total":0.0010278,"children":null},"AgentSendState":{"count":33267,"self":2.5153572,"total":17.0400116,"children":{"CollectObservations":{"count":998100,"self":6.6924528,"total":6.6924529999999995,"children":null},"WriteActionMask":{"count":998100,"self":0.6393339,"total":0.6393339,"children":null},"RequestDecision":{"count":998100,"self":2.2188508,"total":7.1928674999999993,"children":{"AgentInfo.ToProto":{"count":998100,"self":1.7515626,"total":4.9740167999999993,"children":{"GenerateSensorData":{"count":998100,"self":3.2224542,"total":3.2224542,"children":null}}}}}}},"DecideAction":{"count":33267,"self":414.735616,"total":414.73561379999995,"children":null},"AgentAct":{"count":33267,"self":11.388352,"total":11.390913399999999,"children":{"AgentInfo.ToProto":{"count":293,"self":0,"total":0.0025618,"children":{"GenerateSensorData":{"count":293,"self":0.0025618,"total":0.0025618,"children":null}}}}},"AgentInfo.ToProto":{"count":7826,"self":0.049184399999999996,"total":0.1087398,"children":{"GenerateSensorData":{"count":7826,"self":0.059555399999999994,"total":0.059555399999999994,"children":null}}}},"gauges":{"DroneDefender.CumulativeReward":{"count":8119,"max":18855.5781,"min":-18288.0586,"runningAverage":-227.629242,"value":18649.8613,"weightedAverage":18346.9883}},"metadata":{"timer_format_version":"0.1.0","start_time_seconds":"1748105076","unity_version":"6000.0.42f1","command_line_arguments":"C:\\Program Files\\Unity\\Hub\\Editor\\6000.0.42f1\\Editor\\Unity.exe -projectpath C:\\Users\\User\\drone-hunting-by-a-drone-swarm -useHub -hubIPC -cloudEnvironment production","communication_protocol_version":"1.5.0","com.unity.ml-agents_version":"3.0.0","scene_name":"DefenderFlight","end_time_seconds":"1748105572"}}