{"count":1,"self":380.40230399999996,"total":382.43450559999997,"children":{"InitializeActuators":{"count":1,"self":0.0036320999999999997,"total":0.0036320999999999997,"children":null},"InitializeSensors":{"count":1,"self":0.0025182,"total":0.0025182,"children":null},"AgentSendState":{"count":18823,"self":0.0694648,"total":0.4398935,"children":{"CollectObservations":{"count":3765,"self":0.33666989999999997,"total":0.33666989999999997,"children":null},"WriteActionMask":{"count":3765,"self":0.0070481,"total":0.0070481,"children":null},"RequestDecision":{"count":3765,"self":0.0267107,"total":0.0267107,"children":null}}},"DecideAction":{"count":18823,"self":1.4270368999999998,"total":1.4270368999999998,"children":null},"AgentAct":{"count":18823,"self":0.15811899999999998,"total":0.15811899999999998,"children":null}},"gauges":{"DroneFlight.CumulativeReward":{"count":47,"max":47,"min":-469.620178,"runningAverage":2.93135118,"value":27.6999512,"weightedAverage":18.91341}},"metadata":{"timer_format_version":"0.1.0","start_time_seconds":"1748798422","unity_version":"6000.0.42f1","command_line_arguments":"C:\\Program Files\\Unity\\Hub\\Editor\\6000.0.42f1\\Editor\\Unity.exe -projectpath C:\\Users\\User\\drone-hunting-by-a-drone-swarm -useHub -hubIPC -cloudEnvironment production","communication_protocol_version":"1.5.0","com.unity.ml-agents_version":"3.0.0","scene_name":"DroneFlight","end_time_seconds":"1748798804"}}