{"count":1,"self":249.1534336,"total":1969.7944544999998,"children":{"InitializeActuators":{"count":49,"self":0.0020510999999999997,"total":0.0020510999999999997,"children":null},"InitializeSensors":{"count":49,"self":0.00053239999999999993,"total":0.00053239999999999993,"children":null},"AgentSendState":{"count":265784,"self":7.6235583999999994,"total":237.1691956,"children":{"CollectObservations":{"count":2604693,"self":206.522176,"total":206.5221757,"children":null},"WriteActionMask":{"count":2604693,"self":1.5956769,"total":1.5956769,"children":null},"RequestDecision":{"count":2604693,"self":5.6607952,"total":21.427785,"children":{"AgentInfo.ToProto":{"count":2604693,"self":4.7724696,"total":15.76699,"children":{"GenerateSensorData":{"count":2604693,"self":10.9945208,"total":10.9945205,"children":null}}}}}}},"DecideAction":{"count":265784,"self":1474.9534208,"total":1474.9534121,"children":null},"AgentAct":{"count":265784,"self":7.6881184,"total":7.6881181,"children":null},"AgentInfo.ToProto":{"count":48634,"self":0.3386219,"total":0.8267065,"children":{"GenerateSensorData":{"count":48634,"self":0.4880846,"total":0.4880846,"children":null}}}},"gauges":{"DroneFlight.CumulativeReward":{"count":48634,"max":49.6,"min":-1891.42,"runningAverage":-4.15936327,"value":19.7999573,"weightedAverage":5.55515}},"metadata":{"timer_format_version":"0.1.0","start_time_seconds":"1748700385","unity_version":"6000.0.42f1","command_line_arguments":"C:\\Program Files\\Unity\\Hub\\Editor\\6000.0.42f1\\Editor\\Unity.exe -projectpath C:\\Users\\User\\drone-hunting-by-a-drone-swarm -useHub -hubIPC -cloudEnvironment production","communication_protocol_version":"1.5.0","com.unity.ml-agents_version":"3.0.0","scene_name":"DroneFlight 1","end_time_seconds":"1748702355"}}