{"count":1,"self":550.1782528,"total":5002.4554381,"children":{"InitializeActuators":{"count":49,"self":0.0025028999999999997,"total":0.0025028999999999997,"children":null},"InitializeSensors":{"count":49,"self":0.0020229,"total":0.0020229,"children":null},"AgentSendState":{"count":683517,"self":19.104708799999997,"total":617.6362684,"children":{"CollectObservations":{"count":6698496,"self":538.78543359999992,"total":538.785431,"children":null},"WriteActionMask":{"count":6698496,"self":3.9873119999999997,"total":3.9873119999999997,"children":null},"RequestDecision":{"count":6698496,"self":14.4805136,"total":55.7588163,"children":{"AgentInfo.ToProto":{"count":6698496,"self":12.7058024,"total":41.2783024,"children":{"GenerateSensorData":{"count":6698496,"self":28.5724992,"total":28.5724998,"children":null}}}}}}},"DecideAction":{"count":683517,"self":3796.099072,"total":3796.0991507999997,"children":null},"AgentAct":{"count":683517,"self":36.306726399999995,"total":36.306725,"children":null},"AgentInfo.ToProto":{"count":125479,"self":0.9120328,"total":2.2295290999999997,"children":{"GenerateSensorData":{"count":125479,"self":1.3174963,"total":1.3174963,"children":null}}}},"gauges":{"DroneFlight.CumulativeReward":{"count":125479,"max":49.5,"min":-1183.146,"runningAverage":21.6056156,"value":20.6999245,"weightedAverage":22.31794}},"metadata":{"timer_format_version":"0.1.0","start_time_seconds":"1748793183","unity_version":"6000.0.42f1","command_line_arguments":"C:\\Program Files\\Unity\\Hub\\Editor\\6000.0.42f1\\Editor\\Unity.exe -projectpath C:\\Users\\User\\drone-hunting-by-a-drone-swarm -useHub -hubIPC -cloudEnvironment production","communication_protocol_version":"1.5.0","com.unity.ml-agents_version":"3.0.0","scene_name":"DroneFlight 1","end_time_seconds":"1748798185"}}