{"count":1,"self":161.1683584,"total":166.83155979999998,"children":{"InitializeActuators":{"count":417,"self":0.0107464,"total":0.0107464,"children":null},"InitializeSensors":{"count":417,"self":0.0060257999999999996,"total":0.0060257999999999996,"children":null},"AgentSendState":{"count":8045,"self":0.49398529999999996,"total":2.0494269,"children":{"CollectObservations":{"count":165208,"self":1.2883098,"total":1.2883098,"children":null},"WriteActionMask":{"count":165208,"self":0.0919304,"total":0.0919304,"children":null},"RequestDecision":{"count":165208,"self":0.17520139999999998,"total":0.17520139999999998,"children":null}}},"DecideAction":{"count":8045,"self":2.5847392,"total":2.5847390999999997,"children":null},"AgentAct":{"count":8045,"self":1.0117319999999999,"total":1.0117319999999999,"children":null}},"gauges":{"DroneDefender.CumulativeReward":{"count":1406,"max":39.4220123,"min":-10084.5371,"runningAverage":-3065.233,"value":-1030.56506,"weightedAverage":-2093.64624},"DroneAttacker.CumulativeReward":{"count":269,"max":960.800049,"min":-2022.89441,"runningAverage":-128.2775,"value":-1028.6001,"weightedAverage":-594.6732}},"metadata":{"timer_format_version":"0.1.0","start_time_seconds":"1748204804","unity_version":"6000.0.42f1","command_line_arguments":"C:\\Program Files\\Unity\\Hub\\Editor\\6000.0.42f1\\Editor\\Unity.exe -projectpath C:\\Users\\User\\drone-hunting-by-a-drone-swarm -useHub -hubIPC -cloudEnvironment production","communication_protocol_version":"1.5.0","com.unity.ml-agents_version":"3.0.0","scene_name":"phase3","end_time_seconds":"1748204971"}}