{"count":1,"self":4.49355,"total":27.525616,"children":{"InitializeActuators":{"count":117,"self":0.0024847,"total":0.0024847,"children":null},"InitializeSensors":{"count":117,"self":0.0015166,"total":0.0015166,"children":null},"AgentInfo.ToProto":{"count":1050,"self":0.0050422999999999996,"total":0.0161559,"children":{"GenerateSensorData":{"count":1050,"self":0.0111136,"total":0.0111136,"children":null}}},"AgentSendState":{"count":1867,"self":0.1095992,"total":0.8072246,"children":{"CollectObservations":{"count":41705,"self":0.33596349999999997,"total":0.33596349999999997,"children":null},"WriteActionMask":{"count":41705,"self":0.024961399999999998,"total":0.024961399999999998,"children":null},"RequestDecision":{"count":41705,"self":0.0899307,"total":0.33670049999999996,"children":{"AgentInfo.ToProto":{"count":41705,"self":0.083257,"total":0.24676979999999998,"children":{"GenerateSensorData":{"count":41705,"self":0.16351279999999999,"total":0.16351279999999999,"children":null}}}}}}},"DecideAction":{"count":1867,"self":22.108353599999997,"total":22.1083531,"children":null},"AgentAct":{"count":1867,"self":0.096331199999999992,"total":0.096331199999999992,"children":null}},"gauges":{"DroneDefender.CumulativeReward":{"count":913,"max":0,"min":-1000,"runningAverage":-3.28587151,"value":0,"weightedAverage":-1.45467415E-28},"DroneAttacker.CumulativeReward":{"count":137,"max":-1000,"min":-1000,"runningAverage":-1000,"value":-1000,"weightedAverage":-1000}},"metadata":{"timer_format_version":"0.1.0","start_time_seconds":"1748612829","unity_version":"6000.0.42f1","command_line_arguments":"C:\\Program Files\\Unity\\Hub\\Editor\\6000.0.42f1\\Editor\\Unity.exe -projectpath C:\\Users\\User\\drone-hunting-by-a-drone-swarm -useHub -hubIPC -cloudEnvironment production","communication_protocol_version":"1.5.0","com.unity.ml-agents_version":"3.0.0","scene_name":"phase3","end_time_seconds":"1748612856"}}