{"count":1,"self":11.084612,"total":30.625574699999998,"children":{"InitializeActuators":{"count":16,"self":0.0009975,"total":0.0009975,"children":null},"InitializeSensors":{"count":16,"self":0.0009968,"total":0.0009968,"children":null},"AgentSendState":{"count":6417,"self":0.0925438,"total":0.51805,"children":{"CollectObservations":{"count":20544,"self":0.2068614,"total":0.2068614,"children":null},"WriteActionMask":{"count":20544,"self":0.0075524999999999993,"total":0.0075524999999999993,"children":null},"RequestDecision":{"count":20544,"self":0.057018099999999995,"total":0.21109229999999998,"children":{"AgentInfo.ToProto":{"count":20544,"self":0.0479012,"total":0.1540742,"children":{"GenerateSensorData":{"count":20544,"self":0.10617299999999999,"total":0.10617299999999999,"children":null}}}}}}},"DecideAction":{"count":6417,"self":18.8884288,"total":18.8884288,"children":null},"AgentAct":{"count":6417,"self":0.12765369999999998,"total":0.12765369999999998,"children":null},"AgentInfo.ToProto":{"count":218,"self":0.0033288999999999997,"total":0.0048356,"children":{"GenerateSensorData":{"count":218,"self":0.0015067,"total":0.0015067,"children":null}}}},"gauges":{"DroneFlight.CumulativeReward":{"count":218,"max":-165.878113,"min":-977.9223,"runningAverage":-590.3611,"value":-834.9582,"weightedAverage":-679.1283}},"metadata":{"timer_format_version":"0.1.0","start_time_seconds":"1748528080","unity_version":"6000.0.42f1","command_line_arguments":"C:\\Program Files\\Unity\\Hub\\Editor\\6000.0.42f1\\Editor\\Unity.exe -projectpath C:\\Users\\User\\drone-hunting-by-a-drone-swarm -useHub -hubIPC -cloudEnvironment production","communication_protocol_version":"1.5.0","com.unity.ml-agents_version":"3.0.0","scene_name":"phase1","end_time_seconds":"1748528111"}}