{"count":1,"self":116.5613056,"total":417.210394,"children":{"InitializeActuators":{"count":16,"self":0.0015064,"total":0.0015064,"children":null},"InitializeSensors":{"count":16,"self":0.0015015999999999999,"total":0.0015015999999999999,"children":null},"AgentSendState":{"count":107184,"self":1.2114585,"total":7.6379231,"children":{"CollectObservations":{"count":342992,"self":3.3492246,"total":3.3492246,"children":null},"WriteActionMask":{"count":342992,"self":0.2196878,"total":0.2196878,"children":null},"RequestDecision":{"count":342992,"self":0.83093869999999992,"total":2.8575521999999998,"children":{"AgentInfo.ToProto":{"count":342992,"self":0.71156009999999992,"total":2.0266135,"children":{"GenerateSensorData":{"count":342992,"self":1.3150534,"total":1.3150534,"children":null}}}}}}},"DecideAction":{"count":107184,"self":290.7390464,"total":290.7390383,"children":null},"AgentAct":{"count":107184,"self":2.2520987999999997,"total":2.2535059,"children":{"AgentInfo.ToProto":{"count":66,"self":0,"total":0.0014072,"children":{"GenerateSensorData":{"count":66,"self":0.0014072,"total":0.0014072,"children":null}}}}},"AgentInfo.ToProto":{"count":851,"self":0.0030954,"total":0.015610899999999999,"children":{"GenerateSensorData":{"count":851,"self":0.012515499999999999,"total":0.012515499999999999,"children":null}}}},"gauges":{"DroneFlight.CumulativeReward":{"count":917,"max":9808.422,"min":-980.918,"runningAverage":694.146057,"value":7140.961,"weightedAverage":8976.942}},"metadata":{"timer_format_version":"0.1.0","start_time_seconds":"1748014022","unity_version":"6000.0.42f1","command_line_arguments":"C:\\Program Files\\Unity\\Hub\\Editor\\6000.0.42f1\\Editor\\Unity.exe -projectpath C:\\Users\\User\\drone-hunting-by-a-drone-swarm -useHub -hubIPC -cloudEnvironment production","communication_protocol_version":"1.5.0","com.unity.ml-agents_version":"3.0.0","scene_name":"phase1","end_time_seconds":"1748014439"}}