{"count":1,"self":22.895940799999998,"total":231.4687775,"children":{"InitializeActuators":{"count":49,"self":0.0015026,"total":0.0015026,"children":null},"InitializeSensors":{"count":49,"self":0.0009966,"total":0.0009966,"children":null},"AgentSendState":{"count":33867,"self":0.9492759,"total":7.0637722,"children":{"CollectObservations":{"count":331926,"self":3.1883236,"total":3.1883236,"children":null},"WriteActionMask":{"count":331926,"self":0.2092491,"total":0.2092491,"children":null},"RequestDecision":{"count":331926,"self":0.77804279999999992,"total":2.7169236,"children":{"AgentInfo.ToProto":{"count":331926,"self":0.63791239999999994,"total":1.9388808,"children":{"GenerateSensorData":{"count":331926,"self":1.3009684,"total":1.3009684,"children":null}}}}}}},"DecideAction":{"count":33867,"self":199.5672832,"total":199.56728049999998,"children":null},"AgentAct":{"count":33867,"self":1.8530432,"total":1.9362935,"children":{"AgentInfo.ToProto":{"count":5767,"self":0.0263663,"total":0.0832502,"children":{"GenerateSensorData":{"count":5767,"self":0.056883899999999994,"total":0.056883899999999994,"children":null}}}}},"AgentInfo.ToProto":{"count":50,"self":0,"total":0.00099669999999999989,"children":{"GenerateSensorData":{"count":50,"self":0.00099669999999999989,"total":0.00099669999999999989,"children":null}}}},"gauges":{"DroneFlight.CumulativeReward":{"count":5817,"max":185377,"min":-150110,"runningAverage":70299.4453,"value":63766,"weightedAverage":72312.5547}},"metadata":{"timer_format_version":"0.1.0","start_time_seconds":"1748530607","unity_version":"6000.0.42f1","command_line_arguments":"C:\\Program Files\\Unity\\Hub\\Editor\\6000.0.42f1\\Editor\\Unity.exe -projectpath C:\\Users\\User\\drone-hunting-by-a-drone-swarm -useHub -hubIPC -cloudEnvironment production","communication_protocol_version":"1.5.0","com.unity.ml-agents_version":"3.0.0","scene_name":"phase2.5","end_time_seconds":"1748530839"}}