{"count":1,"self":2368.3151872,"total":3816.7003314,"children":{"InitializeActuators":{"count":49,"self":0.0035085999999999997,"total":0.0035085999999999997,"children":null},"InitializeSensors":{"count":49,"self":0.0009969,"total":0.0009969,"children":null},"AgentSendState":{"count":273651,"self":8.0020592,"total":55.4447994,"children":{"CollectObservations":{"count":2681819,"self":24.5773328,"total":24.577332499999997,"children":null},"WriteActionMask":{"count":2681819,"self":1.7399668,"total":1.7399669,"children":null},"RequestDecision":{"count":2681819,"self":6.1070867999999994,"total":21.125441,"children":{"AgentInfo.ToProto":{"count":2681819,"self":5.1606271999999995,"total":15.0183541,"children":{"GenerateSensorData":{"count":2681819,"self":9.8577272,"total":9.8577269999999988,"children":null}}}}}}},"DecideAction":{"count":273651,"self":1386.335232,"total":1386.3352255999998,"children":null},"AgentAct":{"count":273651,"self":5.9714588,"total":5.9714589,"children":null},"AgentInfo.ToProto":{"count":39437,"self":0.2682403,"total":0.62909209999999993,"children":{"GenerateSensorData":{"count":39437,"self":0.3608518,"total":0.3608518,"children":null}}}},"gauges":{"DroneFlight.CumulativeReward":{"count":39437,"max":96400,"min":-1943900,"runningAverage":-8298.248,"value":17200,"weightedAverage":13415.8125}},"metadata":{"timer_format_version":"0.1.0","start_time_seconds":"1747735399","unity_version":"6000.0.42f1","command_line_arguments":"C:\\Program Files\\Unity\\Hub\\Editor\\6000.0.42f1\\Editor\\Unity.exe -projectpath C:\\Users\\User\\drone-hunting-by-a-drone-swarm -useHub -hubIPC -cloudEnvironment production","communication_protocol_version":"1.5.0","com.unity.ml-agents_version":"3.0.0","scene_name":"phase2.5","end_time_seconds":"1747739215"}}