{
    "name": "root",
    "gauges": {
        "DroneDefender.Policy.Entropy.mean": {
            "value": 0.41450661420822144,
            "min": 0.41450661420822144,
            "max": 1.0118494033813477,
            "count": 1769
        },
        "DroneDefender.Policy.Entropy.sum": {
            "value": 4252.837890625,
            "min": 3854.531005859375,
            "max": 10887.51171875,
            "count": 1769
        },
        "DroneDefender.Environment.EpisodeLength.mean": {
            "value": 121.92307692307692,
            "min": 44.917073170731705,
            "max": 499.0147058823529,
            "count": 1769
        },
        "DroneDefender.Environment.EpisodeLength.sum": {
            "value": 7925.0,
            "min": 3268.0,
            "max": 33933.0,
            "count": 1769
        },
        "DroneDefender.Step.mean": {
            "value": 17689957.0,
            "min": 9992.0,
            "max": 17689957.0,
            "count": 1769
        },
        "DroneDefender.Step.sum": {
            "value": 17689957.0,
            "min": 9992.0,
            "max": 17689957.0,
            "count": 1769
        },
        "DroneDefender.Policy.ExtrinsicValueEstimate.mean": {
            "value": -279.56011962890625,
            "min": -4700.34619140625,
            "max": -144.53146362304688,
            "count": 1769
        },
        "DroneDefender.Policy.ExtrinsicValueEstimate.sum": {
            "value": -51718.62109375,
            "min": -1283194.5,
            "max": -27605.509765625,
            "count": 1769
        },
        "DroneDefender.Environment.CumulativeReward.mean": {
            "value": -854.5487334838281,
            "min": -2703.852624618844,
            "max": 453.6306279249051,
            "count": 1769
        },
        "DroneDefender.Environment.CumulativeReward.sum": {
            "value": -55545.66767644882,
            "min": -306220.27456510067,
            "max": 30846.882698893547,
            "count": 1769
        },
        "DroneDefender.Policy.ExtrinsicReward.mean": {
            "value": -854.5487334838281,
            "min": -2703.852624618844,
            "max": 453.6306279249051,
            "count": 1769
        },
        "DroneDefender.Policy.ExtrinsicReward.sum": {
            "value": -55545.66767644882,
            "min": -306220.27456510067,
            "max": 30846.882698893547,
            "count": 1769
        },
        "DroneDefender.IsTraining.mean": {
            "value": 1.0,
            "min": 1.0,
            "max": 1.0,
            "count": 1769
        },
        "DroneDefender.IsTraining.sum": {
            "value": 1.0,
            "min": 1.0,
            "max": 1.0,
            "count": 1769
        },
        "DroneDefender.Losses.PolicyLoss.mean": {
            "value": 0.023109053797088563,
            "min": 0.013761669350787997,
            "max": 0.034232909635951124,
            "count": 1702
        },
        "DroneDefender.Losses.PolicyLoss.sum": {
            "value": 0.023109053797088563,
            "min": 0.013761669350787997,
            "max": 0.034232909635951124,
            "count": 1702
        },
        "DroneDefender.Losses.ValueLoss.mean": {
            "value": 26225.006184895832,
            "min": 9456.868636067707,
            "max": 5520674.233333333,
            "count": 1702
        },
        "DroneDefender.Losses.ValueLoss.sum": {
            "value": 26225.006184895832,
            "min": 9456.868636067707,
            "max": 5520674.233333333,
            "count": 1702
        },
        "DroneDefender.Policy.LearningRate.mean": {
            "value": 0.00029469438086854023,
            "min": 0.00029469438086854023,
            "max": 0.00029999691570102804,
            "count": 1702
        },
        "DroneDefender.Policy.LearningRate.sum": {
            "value": 0.00029469438086854023,
            "min": 0.00029469438086854023,
            "max": 0.00029999691570102804,
            "count": 1702
        },
        "DroneDefender.Policy.Epsilon.mean": {
            "value": 0.19823145969999995,
            "min": 0.19823145969999995,
            "max": 0.19999897190000007,
            "count": 1702
        },
        "DroneDefender.Policy.Epsilon.sum": {
            "value": 0.19823145969999995,
            "min": 0.19823145969999995,
            "max": 0.19999897190000007,
            "count": 1702
        },
        "DroneDefender.Policy.Beta.mean": {
            "value": 0.0004913341525300001,
            "min": 0.0004913341525300001,
            "max": 0.0004999949623099998,
            "count": 1702
        },
        "DroneDefender.Policy.Beta.sum": {
            "value": 0.0004913341525300001,
            "min": 0.0004913341525300001,
            "max": 0.0004999949623099998,
            "count": 1702
        },
        "DroneAttacker.Policy.Entropy.mean": {
            "value": 1.1225672960281372,
            "min": 1.1210941076278687,
            "max": 1.2175681591033936,
            "count": 294
        },
        "DroneAttacker.Policy.Entropy.sum": {
            "value": 11194.2412109375,
            "min": 11086.970703125,
            "max": 12459.375,
            "count": 294
        },
        "DroneAttacker.Environment.EpisodeLength.mean": {
            "value": 127.53846153846153,
            "min": 72.42753623188406,
            "max": 253.60416666666666,
            "count": 294
        },
        "DroneAttacker.Environment.EpisodeLength.sum": {
            "value": 9948.0,
            "min": 7646.0,
            "max": 12633.0,
            "count": 294
        },
        "DroneAttacker.Step.mean": {
            "value": 2939946.0,
            "min": 9968.0,
            "max": 2939946.0,
            "count": 294
        },
        "DroneAttacker.Step.sum": {
            "value": 2939946.0,
            "min": 9968.0,
            "max": 2939946.0,
            "count": 294
        },
        "DroneAttacker.Policy.ExtrinsicValueEstimate.mean": {
            "value": -74.2847900390625,
            "min": -2114.69921875,
            "max": 3384.238525390625,
            "count": 294
        },
        "DroneAttacker.Policy.ExtrinsicValueEstimate.sum": {
            "value": -14782.6728515625,
            "min": -425054.53125,
            "max": 744532.5,
            "count": 294
        },
        "DroneAttacker.Environment.CumulativeReward.mean": {
            "value": -935.8564093174078,
            "min": -6233.012124418008,
            "max": -185.92124404907227,
            "count": 294
        },
        "DroneAttacker.Environment.CumulativeReward.sum": {
            "value": -72996.79992675781,
            "min": -617068.2003173828,
            "max": -14873.699523925781,
            "count": 294
        },
        "DroneAttacker.Policy.ExtrinsicReward.mean": {
            "value": -935.8564093174078,
            "min": -6233.012124418008,
            "max": -185.92124404907227,
            "count": 294
        },
        "DroneAttacker.Policy.ExtrinsicReward.sum": {
            "value": -72996.79992675781,
            "min": -617068.2003173828,
            "max": -14873.699523925781,
            "count": 294
        },
        "DroneAttacker.IsTraining.mean": {
            "value": 1.0,
            "min": 1.0,
            "max": 1.0,
            "count": 294
        },
        "DroneAttacker.IsTraining.sum": {
            "value": 1.0,
            "min": 1.0,
            "max": 1.0,
            "count": 294
        },
        "DroneAttacker.Losses.PolicyLoss.mean": {
            "value": 0.024055525404401125,
            "min": 0.01544376880240937,
            "max": 0.03385883734251062,
            "count": 286
        },
        "DroneAttacker.Losses.PolicyLoss.sum": {
            "value": 0.024055525404401125,
            "min": 0.01544376880240937,
            "max": 0.03385883734251062,
            "count": 286
        },