{
    "name": "root",
    "gauges": {
        "DroneDefender.Policy.Entropy.mean": {
            "value": 0.1028890460729599,
            "min": 0.1028890460729599,
            "max": 0.6848039031028748,
            "count": 327
        },
        "DroneDefender.Policy.Entropy.sum": {
            "value": 978.9892578125,
            "min": 978.9892578125,
            "max": 8757.9375,
            "count": 327
        },
        "DroneDefender.Environment.EpisodeLength.mean": {
            "value": 118.15,
            "min": 45.917098445595855,
            "max": 135.25925925925927,
            "count": 327
        },
        "DroneDefender.Environment.EpisodeLength.sum": {
            "value": 7089.0,
            "min": 5577.0,
            "max": 13245.0,
            "count": 327
        },
        "DroneDefender.Step.mean": {
            "value": 3269966.0,
            "min": 9955.0,
            "max": 3269966.0,
            "count": 327
        },
        "DroneDefender.Step.sum": {
            "value": 3269966.0,
            "min": 9955.0,
            "max": 3269966.0,
            "count": 327
        },
        "DroneDefender.Policy.ExtrinsicValueEstimate.mean": {
            "value": -27.062612533569336,
            "min": -556.2473754882812,
            "max": 51920.640625,
            "count": 327
        },
        "DroneDefender.Policy.ExtrinsicValueEstimate.sum": {
            "value": -4898.3330078125,
            "min": -151299.28125,
            "max": 13447446.0,
            "count": 327
        },
        "DroneDefender.Environment.CumulativeReward.mean": {
            "value": -50.0,
            "min": -95.58823529411765,
            "max": 0.0,
            "count": 327
        },
        "DroneDefender.Environment.CumulativeReward.sum": {
            "value": -3000.0,
            "min": -14000.0,
            "max": 0.0,
            "count": 327
        },
        "DroneDefender.Policy.ExtrinsicReward.mean": {
            "value": -50.0,
            "min": -95.58823529411765,
            "max": 0.0,
            "count": 327
        },
        "DroneDefender.Policy.ExtrinsicReward.sum": {
            "value": -3000.0,
            "min": -14000.0,
            "max": 0.0,
            "count": 327
        },
        "DroneDefender.IsTraining.mean": {
            "value": 1.0,
            "min": 1.0,
            "max": 1.0,
            "count": 327
        },
        "DroneDefender.IsTraining.sum": {
            "value": 1.0,
            "min": 1.0,
            "max": 1.0,
            "count": 327
        },
        "DroneDefender.Losses.PolicyLoss.mean": {
            "value": 0.021103002162029347,
            "min": 0.01592950102252265,
            "max": 0.03719356792668502,
            "count": 314
        },
        "DroneDefender.Losses.PolicyLoss.sum": {
            "value": 0.021103002162029347,
            "min": 0.01592950102252265,
            "max": 0.03719356792668502,
            "count": 314
        },
        "DroneDefender.Losses.ValueLoss.mean": {
            "value": 5516.231144205729,
            "min": 2571.557682291667,
            "max": 238371950.93333334,
            "count": 314
        },
        "DroneDefender.Losses.ValueLoss.sum": {
            "value": 5516.231144205729,
            "min": 2571.557682291667,
            "max": 238371950.93333334,
            "count": 314
        },
        "DroneDefender.Policy.LearningRate.mean": {
            "value": 0.0003,
            "min": 0.0003,
            "max": 0.0003,
            "count": 314
        },
        "DroneDefender.Policy.LearningRate.sum": {
            "value": 0.0003,
            "min": 0.0003,
            "max": 0.0003,
            "count": 314
        },
        "DroneDefender.Policy.Epsilon.mean": {
            "value": 0.30000000000000004,
            "min": 0.30000000000000004,
            "max": 0.30000000000000004,
            "count": 314
        },
        "DroneDefender.Policy.Epsilon.sum": {
            "value": 0.30000000000000004,
            "min": 0.30000000000000004,
            "max": 0.30000000000000004,
            "count": 314
        },
        "DroneDefender.Policy.Beta.mean": {
            "value": 0.0009676787572,
            "min": 0.0009676787572,
            "max": 0.0009998982775000001,
            "count": 314
        },
        "DroneDefender.Policy.Beta.sum": {
            "value": 0.0009676787572,
            "min": 0.0009676787572,
            "max": 0.0009998982775000001,
            "count": 314
        },
        "DroneAttacker.Policy.Entropy.mean": {
            "value": 0.9778931736946106,
            "min": 0.9778931736946106,
            "max": 1.1016943454742432,
            "count": 56
        },
        "DroneAttacker.Policy.Entropy.sum": {
            "value": 9935.39453125,
            "min": 9632.3935546875,
            "max": 11439.994140625,
            "count": 56
        },
        "DroneAttacker.Environment.EpisodeLength.mean": {
            "value": 109.91111111111111,
            "min": 57.771929824561404,
            "max": 113.12359550561797,
            "count": 56
        },
        "DroneAttacker.Environment.EpisodeLength.sum": {
            "value": 9892.0,
            "min": 9571.0,
            "max": 10323.0,
            "count": 56
        },
        "DroneAttacker.Step.mean": {
            "value": 559963.0,
            "min": 9978.0,
            "max": 559963.0,
            "count": 56
        },
        "DroneAttacker.Step.sum": {
            "value": 559963.0,
            "min": 9978.0,
            "max": 559963.0,
            "count": 56
        },
        "DroneAttacker.Policy.ExtrinsicValueEstimate.mean": {
            "value": 138.6581268310547,
            "min": -44.8526611328125,
            "max": 52661.10546875,
            "count": 56
        },
        "DroneAttacker.Policy.ExtrinsicValueEstimate.sum": {
            "value": 27038.3359375,
            "min": -9463.9111328125,
            "max": 13586565.0,
            "count": 56
        },
        "DroneAttacker.Environment.CumulativeReward.mean": {
            "value": 222.22222222222223,
            "min": -819.277108433735,
            "max": 222.22222222222223,
            "count": 56
        },
        "DroneAttacker.Environment.CumulativeReward.sum": {
            "value": 20000.0,
            "min": -136000.0,
            "max": 20000.0,
            "count": 56
        },
        "DroneAttacker.Policy.ExtrinsicReward.mean": {
            "value": 222.22222222222223,
            "min": -819.277108433735,
            "max": 222.22222222222223,
            "count": 56
        },
        "DroneAttacker.Policy.ExtrinsicReward.sum": {
            "value": 20000.0,
            "min": -136000.0,
            "max": 20000.0,
            "count": 56
        },
        "DroneAttacker.IsTraining.mean": {
            "value": 1.0,
            "min": 1.0,
            "max": 1.0,
            "count": 56
        },
        "DroneAttacker.IsTraining.sum": {
            "value": 1.0,
            "min": 1.0,
            "max": 1.0,
            "count": 56
        },
        "DroneAttacker.Losses.PolicyLoss.mean": {
            "value": 0.02750237795213858,
            "min": 0.017959488462656735,
            "max": 0.03052726136520505,
            "count": 54
        },
        "DroneAttacker.Losses.PolicyLoss.sum": {
            "value": 0.02750237795213858,
            "min": 0.017959488462656735,
            "max": 0.03052726136520505,
            "count": 54
        },
        "DroneAttacker.Losses.ValueLoss.mean": {
            "value": 546839.5697916667,
            "min": 516071.475,
            "max": 361321503.46666664,
            "count": 54
        },
        "DroneAttacker.Losses.ValueLoss.sum": {
            "value": 546839.5697916667,
            "min": 516071.475,
            "max": 361321503.46666664,
            "count": 54
        },
        "DroneAttacker.Policy.LearningRate.mean": {
            "value": 0.0003,