{
    "name": "root",
    "gauges": {
        "DroneDefender.Policy.Entropy.mean": {
            "value": 0.31613674759864807,
            "min": 0.31613674759864807,
            "max": 0.3350435197353363,
            "count": 12
        },
        "DroneDefender.Policy.Entropy.sum": {
            "value": 3034.5966796875,
            "min": 3034.5966796875,
            "max": 4140.802734375,
            "count": 12
        },
        "DroneDefender.Environment.EpisodeLength.mean": {
            "value": 86.24369747899159,
            "min": 58.99038461538461,
            "max": 105.99152542372882,
            "count": 12
        },
        "DroneDefender.Environment.EpisodeLength.sum": {
            "value": 10263.0,
            "min": 6135.0,
            "max": 12507.0,
            "count": 12
        },
        "DroneDefender.Step.mean": {
            "value": 119995.0,
            "min": 9951.0,
            "max": 119995.0,
            "count": 12
        },
        "DroneDefender.Step.sum": {
            "value": 119995.0,
            "min": 9951.0,
            "max": 119995.0,
            "count": 12
        },
        "DroneDefender.Policy.ExtrinsicValueEstimate.mean": {
            "value": -366.4583740234375,
            "min": -444.66748046875,
            "max": -87.851318359375,
            "count": 12
        },
        "DroneDefender.Policy.ExtrinsicValueEstimate.sum": {
            "value": -76956.2578125,
            "min": -89822.828125,
            "max": -18360.92578125,
            "count": 12
        },
        "DroneDefender.Environment.CumulativeReward.mean": {
            "value": -470.5882352941176,
            "min": -785.7142857142857,
            "max": -336.53846153846155,
            "count": 12
        },
        "DroneDefender.Environment.CumulativeReward.sum": {
            "value": -56000.0,
            "min": -88000.0,
            "max": -35000.0,
            "count": 12
        },
        "DroneDefender.Policy.ExtrinsicReward.mean": {
            "value": -470.5882352941176,
            "min": -785.7142857142857,
            "max": -336.53846153846155,
            "count": 12
        },
        "DroneDefender.Policy.ExtrinsicReward.sum": {
            "value": -56000.0,
            "min": -88000.0,
            "max": -35000.0,
            "count": 12
        },
        "DroneDefender.IsTraining.mean": {
            "value": 1.0,
            "min": 1.0,
            "max": 1.0,
            "count": 12
        },
        "DroneDefender.IsTraining.sum": {
            "value": 1.0,
            "min": 1.0,
            "max": 1.0,
            "count": 12
        },
        "DroneDefender.Losses.PolicyLoss.mean": {
            "value": 0.021389648248441518,
            "min": 0.017648629564791917,
            "max": 0.027547195553779602,
            "count": 11
        },
        "DroneDefender.Losses.PolicyLoss.sum": {
            "value": 0.021389648248441518,
            "min": 0.017648629564791917,
            "max": 0.027547195553779602,
            "count": 11
        },
        "DroneDefender.Losses.ValueLoss.mean": {
            "value": 18579.760774739585,
            "min": 18449.415950520834,
            "max": 318758.98919270834,
            "count": 11
        },
        "DroneDefender.Losses.ValueLoss.sum": {
            "value": 18579.760774739585,
            "min": 18449.415950520834,
            "max": 318758.98919270834,
            "count": 11
        },
        "DroneDefender.Policy.LearningRate.mean": {
            "value": 0.0003,
            "min": 0.0003,
            "max": 0.0003,
            "count": 11
        },
        "DroneDefender.Policy.LearningRate.sum": {
            "value": 0.0003,
            "min": 0.0003,
            "max": 0.0003,
            "count": 11
        },
        "DroneDefender.Policy.Epsilon.mean": {
            "value": 0.30000000000000004,
            "min": 0.30000000000000004,
            "max": 0.30000000000000004,
            "count": 11
        },
        "DroneDefender.Policy.Epsilon.sum": {
            "value": 0.30000000000000004,
            "min": 0.30000000000000004,
            "max": 0.30000000000000004,
            "count": 11
        },
        "DroneDefender.Policy.Beta.mean": {
            "value": 0.0009988695189999998,
            "min": 0.0009988695189999998,
            "max": 0.0009998983171000005,
            "count": 11
        },
        "DroneDefender.Policy.Beta.sum": {
            "value": 0.0009988695189999998,
            "min": 0.0009988695189999998,
            "max": 0.0009998983171000005,
            "count": 11
        },
        "DroneAttacker.Policy.Entropy.mean": {
            "value": -0.11444410681724548,
            "min": -0.11444410681724548,
            "max": -0.11392820626497269,
            "count": 2
        },
        "DroneAttacker.Policy.Entropy.sum": {
            "value": -1155.427734375,
            "min": -1173.916259765625,
            "max": -1155.427734375,
            "count": 2
        },
        "DroneAttacker.Environment.EpisodeLength.mean": {
            "value": 90.75925925925925,
            "min": 90.75925925925925,
            "max": 95.0,
            "count": 2
        },
        "DroneAttacker.Environment.EpisodeLength.sum": {
            "value": 9802.0,
            "min": 9405.0,
            "max": 9802.0,
            "count": 2
        },
        "DroneAttacker.Step.mean": {
            "value": 19990.0,
            "min": 9952.0,
            "max": 19990.0,
            "count": 2
        },
        "DroneAttacker.Step.sum": {
            "value": 19990.0,
            "min": 9952.0,
            "max": 19990.0,
            "count": 2
        },
        "DroneAttacker.Policy.ExtrinsicValueEstimate.mean": {
            "value": 145.70086669921875,
            "min": 145.70086669921875,
            "max": 179.3874969482422,
            "count": 2
        },
        "DroneAttacker.Policy.ExtrinsicValueEstimate.sum": {
            "value": 29868.677734375,
            "min": 29868.677734375,
            "max": 34980.5625,
            "count": 2
        },
        "DroneAttacker.Environment.CumulativeReward.mean": {
            "value": 111.11111111111111,
            "min": -131.31313131313132,
            "max": 111.11111111111111,
            "count": 2
        },
        "DroneAttacker.Environment.CumulativeReward.sum": {
            "value": 12000.0,
            "min": -13000.0,
            "max": 12000.0,
            "count": 2
        },
        "DroneAttacker.Policy.ExtrinsicReward.mean": {
            "value": 111.11111111111111,
            "min": -131.31313131313132,
            "max": 111.11111111111111,
            "count": 2
        },
        "DroneAttacker.Policy.ExtrinsicReward.sum": {
            "value": 12000.0,
            "min": -13000.0,
            "max": 12000.0,
            "count": 2
        },
        "DroneAttacker.IsTraining.mean": {
            "value": 1.0,
            "min": 1.0,
            "max": 1.0,
            "count": 2
        },
        "DroneAttacker.IsTraining.sum": {
            "value": 1.0,
            "min": 1.0,
            "max": 1.0,
            "count": 2
        },
        "DroneAttacker.Losses.PolicyLoss.mean": {
            "value": 0.019890554637337726,
            "min": 0.019890554637337726,
            "max": 0.019890554637337726,
            "count": 1
        },
        "DroneAttacker.Losses.PolicyLoss.sum": {
            "value": 0.019890554637337726,
            "min": 0.019890554637337726,
            "max": 0.019890554637337726,
            "count": 1
        },
        "DroneAttacker.Losses.ValueLoss.mean": {
            "value": 59306.74622395833,
            "min": 59306.74622395833,
            "max": 59306.74622395833,
            "count": 1
        },
        "DroneAttacker.Losses.ValueLoss.sum": {
            "value": 59306.74622395833,
            "min": 59306.74622395833,
            "max": 59306.74622395833,