{
    "name": "root",
    "gauges": {
        "DroneDefender.Policy.Entropy.mean": {
            "value": 1.3723033666610718,
            "min": 1.3723033666610718,
            "max": 1.4189382791519165,
            "count": 41
        },
        "DroneDefender.Policy.Entropy.sum": {
            "value": 13717.544921875,
            "min": 13717.544921875,
            "max": 14200.734375,
            "count": 41
        },
        "DroneDefender.Environment.EpisodeLength.mean": {
            "value": 1.9580378250591017,
            "min": 1.8409090909090908,
            "max": 2.2030099263528657,
            "count": 41
        },
        "DroneDefender.Environment.EpisodeLength.sum": {
            "value": 6626.0,
            "min": 6480.0,
            "max": 6880.0,
            "count": 41
        },
        "DroneDefender.Step.mean": {
            "value": 409999.0,
            "min": 9997.0,
            "max": 409999.0,
            "count": 41
        },
        "DroneDefender.Step.sum": {
            "value": 409999.0,
            "min": 9997.0,
            "max": 409999.0,
            "count": 41
        },
        "DroneDefender.Policy.ExtrinsicValueEstimate.mean": {
            "value": -646.1022338867188,
            "min": -646.1022338867188,
            "max": -0.04149642214179039,
            "count": 41
        },
        "DroneDefender.Policy.ExtrinsicValueEstimate.sum": {
            "value": -2184471.75,
            "min": -2184471.75,
            "max": -146.02590942382812,
            "count": 41
        },
        "DroneDefender.Environment.CumulativeReward.mean": {
            "value": -642.1955240374573,
            "min": -649.2974279402433,
            "max": -628.8144615735492,
            "count": 41
        },
        "DroneDefender.Environment.CumulativeReward.sum": {
            "value": -2171263.066770643,
            "min": -2263088.5975155383,
            "max": -1991143.0774816275,
            "count": 41
        },
        "DroneDefender.Policy.ExtrinsicReward.mean": {
            "value": -642.1955240374573,
            "min": -649.2974279402433,
            "max": -628.8144615735492,
            "count": 41
        },
        "DroneDefender.Policy.ExtrinsicReward.sum": {
            "value": -2171263.066770643,
            "min": -2263088.5975155383,
            "max": -1991143.0774816275,
            "count": 41
        },
        "DroneDefender.IsTraining.mean": {
            "value": 1.0,
            "min": 1.0,
            "max": 1.0,
            "count": 41
        },
        "DroneDefender.IsTraining.sum": {
            "value": 1.0,
            "min": 1.0,
            "max": 1.0,
            "count": 41
        },
        "DroneDefender.Losses.PolicyLoss.mean": {
            "value": 0.025956303300336003,
            "min": 0.01706935464559744,
            "max": 0.03239279929548502,
            "count": 40
        },
        "DroneDefender.Losses.PolicyLoss.sum": {
            "value": 0.025956303300336003,
            "min": 0.01706935464559744,
            "max": 0.03239279929548502,
            "count": 40
        },
        "DroneDefender.Losses.ValueLoss.mean": {
            "value": 103445.92786458334,
            "min": 103445.92786458334,
            "max": 617023.5791666667,
            "count": 40
        },
        "DroneDefender.Losses.ValueLoss.sum": {
            "value": 103445.92786458334,
            "min": 103445.92786458334,
            "max": 617023.5791666667,
            "count": 40
        },
        "DroneDefender.Policy.LearningRate.mean": {
            "value": 0.00029987707804097395,
            "min": 0.00029987707804097395,
            "max": 0.0002999969274010242,
            "count": 40
        },
        "DroneDefender.Policy.LearningRate.sum": {
            "value": 0.00029987707804097395,
            "min": 0.00029987707804097395,
            "max": 0.0002999969274010242,
            "count": 40
        },
        "DroneDefender.Policy.Epsilon.mean": {
            "value": 0.19995902600000004,
            "min": 0.19995902600000004,
            "max": 0.19999897579999995,
            "count": 40
        },
        "DroneDefender.Policy.Epsilon.sum": {
            "value": 0.19995902600000004,
            "min": 0.19995902600000004,
            "max": 0.19999897579999995,
            "count": 40
        },
        "DroneDefender.Policy.Beta.mean": {
            "value": 0.0004997992274000001,
            "min": 0.0004997992274000001,
            "max": 0.0004999949814199998,
            "count": 40
        },
        "DroneDefender.Policy.Beta.sum": {
            "value": 0.0004997992274000001,
            "min": 0.0004997992274000001,
            "max": 0.0004999949814199998,
            "count": 40
        },
        "DroneAttacker.Policy.Entropy.mean": {
            "value": 1.4128047227859497,
            "min": 1.4126486778259277,
            "max": 1.4189382791519165,
            "count": 6
        },
        "DroneAttacker.Policy.Entropy.sum": {
            "value": 14123.80859375,
            "min": 14123.80859375,
            "max": 14190.8017578125,
            "count": 6
        },
        "DroneAttacker.Environment.EpisodeLength.mean": {
            "value": 6.648814078041316,
            "min": 6.189791516894321,
            "max": 6.648814078041316,
            "count": 6
        },
        "DroneAttacker.Environment.EpisodeLength.sum": {
            "value": 8690.0,
            "min": 8610.0,
            "max": 8690.0,
            "count": 6
        },
        "DroneAttacker.Step.mean": {
            "value": 59995.0,
            "min": 9997.0,
            "max": 59995.0,
            "count": 6
        },
        "DroneAttacker.Step.sum": {
            "value": 59995.0,
            "min": 9997.0,
            "max": 59995.0,
            "count": 6
        },
        "DroneAttacker.Policy.ExtrinsicValueEstimate.mean": {
            "value": -30.04102325439453,
            "min": -30.04102325439453,
            "max": 0.285076379776001,
            "count": 6
        },
        "DroneAttacker.Policy.ExtrinsicValueEstimate.sum": {
            "value": -39263.6171875,
            "min": -39263.6171875,
            "max": 396.25616455078125,
            "count": 6
        },
        "DroneAttacker.Environment.CumulativeReward.mean": {
            "value": -96.34420870931986,
            "min": -96.56412921603635,
            "max": -96.34420870931986,
            "count": 6
        },
        "DroneAttacker.Environment.CumulativeReward.sum": {
            "value": -125921.88078308105,
            "min": -134224.13961029053,
            "max": -125921.88078308105,
            "count": 6
        },
        "DroneAttacker.Policy.ExtrinsicReward.mean": {
            "value": -96.34420870931986,
            "min": -96.56412921603635,
            "max": -96.34420870931986,
            "count": 6
        },
        "DroneAttacker.Policy.ExtrinsicReward.sum": {
            "value": -125921.88078308105,
            "min": -134224.13961029053,
            "max": -125921.88078308105,
            "count": 6
        },
        "DroneAttacker.IsTraining.mean": {
            "value": 1.0,
            "min": 1.0,
            "max": 1.0,
            "count": 6
        },
        "DroneAttacker.IsTraining.sum": {
            "value": 1.0,
            "min": 1.0,
            "max": 1.0,
            "count": 6
        },
        "DroneAttacker.Losses.PolicyLoss.mean": {
            "value": 0.024878125249718625,
            "min": 0.022777280661587913,
            "max": 0.02685024463571608,
            "count": 5
        },
        "DroneAttacker.Losses.PolicyLoss.sum": {
            "value": 0.024878125249718625,
            "min": 0.022777280661587913,
            "max": 0.02685024463571608,
            "count": 5
        },
        "DroneAttacker.Losses.ValueLoss.mean": {
            "value": 3595.023917643229,
            "min": 3595.023917643229,