{
    "name": "root",
    "gauges": {
        "DroneDefender.Policy.Entropy.mean": {
            "value": 0.5987114906311035,
            "min": 0.5906270742416382,
            "max": 0.5987114906311035,
            "count": 10
        },
        "DroneDefender.Policy.Entropy.sum": {
            "value": 5963.76513671875,
            "min": 1216.4329833984375,
            "max": 6035.177734375,
            "count": 10
        },
        "DroneDefender.Environment.EpisodeLength.mean": {
            "value": 46.484375,
            "min": 13.53125,
            "max": 50.213973799126634,
            "count": 10
        },
        "DroneDefender.Environment.EpisodeLength.sum": {
            "value": 8925.0,
            "min": 433.0,
            "max": 11499.0,
            "count": 10
        },
        "DroneDefender.Step.mean": {
            "value": 31629950.0,
            "min": 31539950.0,
            "max": 31629950.0,
            "count": 10
        },
        "DroneDefender.Step.sum": {
            "value": 31629950.0,
            "min": 31539950.0,
            "max": 31629950.0,
            "count": 10
        },
        "DroneDefender.Policy.ExtrinsicValueEstimate.mean": {
            "value": -1477.808349609375,
            "min": -1643.8800048828125,
            "max": -1269.7183837890625,
            "count": 10
        },
        "DroneDefender.Policy.ExtrinsicValueEstimate.sum": {
            "value": -441864.6875,
            "min": -544094.0,
            "max": -87125.640625,
            "count": 10
        },
        "DroneDefender.Environment.CumulativeReward.mean": {
            "value": -2546.0106579462686,
            "min": -2767.936856865362,
            "max": -1315.8798828125,
            "count": 10
        },
        "DroneDefender.Environment.CumulativeReward.sum": {
            "value": -488834.0463256836,
            "min": -633857.540222168,
            "max": -42108.15625,
            "count": 10
        },
        "DroneDefender.Policy.ExtrinsicReward.mean": {
            "value": -2546.0106579462686,
            "min": -2767.936856865362,
            "max": -1315.8798828125,
            "count": 10
        },
        "DroneDefender.Policy.ExtrinsicReward.sum": {
            "value": -488834.0463256836,
            "min": -633857.540222168,
            "max": -42108.15625,
            "count": 10
        },
        "DroneDefender.IsTraining.mean": {
            "value": 1.0,
            "min": 1.0,
            "max": 1.0,
            "count": 10
        },
        "DroneDefender.IsTraining.sum": {
            "value": 1.0,
            "min": 1.0,
            "max": 1.0,
            "count": 10
        },
        "DroneAttacker.Policy.Entropy.mean": {
            "value": 0.5339348912239075,
            "min": 0.5339348912239075,
            "max": 0.5384521484375,
            "count": 9
        },
        "DroneAttacker.Policy.Entropy.sum": {
            "value": 5334.009765625,
            "min": 2301.8828125,
            "max": 5421.2109375,
            "count": 9
        },
        "DroneAttacker.Environment.EpisodeLength.mean": {
            "value": 243.53488372093022,
            "min": 100.6875,
            "max": 350.4,
            "count": 9
        },
        "DroneAttacker.Environment.EpisodeLength.sum": {
            "value": 10472.0,
            "min": 3222.0,
            "max": 11943.0,
            "count": 9
        },
        "DroneAttacker.Step.mean": {
            "value": 8939962.0,
            "min": 8859983.0,
            "max": 8939962.0,
            "count": 9
        },
        "DroneAttacker.Step.sum": {
            "value": 8939962.0,
            "min": 8859983.0,
            "max": 8939962.0,
            "count": 9
        },
        "DroneAttacker.Policy.ExtrinsicValueEstimate.mean": {
            "value": 305.84161376953125,
            "min": 132.4376983642578,
            "max": 340.8023681640625,
            "count": 9
        },
        "DroneAttacker.Policy.ExtrinsicValueEstimate.sum": {
            "value": 54745.6484375,
            "min": 22779.28515625,
            "max": 63389.2421875,
            "count": 9
        },
        "DroneAttacker.Environment.CumulativeReward.mean": {
            "value": 436.0697677301806,
            "min": 199.53448359719638,
            "max": 699.3500003814697,
            "count": 9
        },
        "DroneAttacker.Environment.CumulativeReward.sum": {
            "value": 18751.000012397766,
            "min": 5786.500024318695,
            "max": 46338.59991455078,
            "count": 9
        },
        "DroneAttacker.Policy.ExtrinsicReward.mean": {
            "value": 436.0697677301806,
            "min": 199.53448359719638,
            "max": 699.3500003814697,
            "count": 9
        },
        "DroneAttacker.Policy.ExtrinsicReward.sum": {
            "value": 18751.000012397766,
            "min": 5786.500024318695,
            "max": 46338.59991455078,
            "count": 9
        },
        "DroneAttacker.IsTraining.mean": {
            "value": 1.0,
            "min": 1.0,
            "max": 1.0,
            "count": 9
        },
        "DroneAttacker.IsTraining.sum": {
            "value": 1.0,
            "min": 1.0,
            "max": 1.0,
            "count": 9
        },
        "DroneDefender.Losses.PolicyLoss.mean": {
            "value": 0.037767920984576146,
            "min": 0.027604337657491367,
            "max": 0.12803247943520546,
            "count": 8
        },
        "DroneDefender.Losses.PolicyLoss.sum": {
            "value": 0.037767920984576146,
            "min": 0.027604337657491367,
            "max": 0.12803247943520546,
            "count": 8
        },
        "DroneDefender.Losses.ValueLoss.mean": {
            "value": 75999.396875,
            "min": 60152.46770833333,
            "max": 91628.63216145833,
            "count": 8
        },
        "DroneDefender.Losses.ValueLoss.sum": {
            "value": 75999.396875,
            "min": 60152.46770833333,
            "max": 91628.63216145833,
            "count": 8
        },
        "DroneDefender.Policy.LearningRate.mean": {
            "value": 0.0002905138813620405,
            "min": 0.0002905138813620405,
            "max": 0.0002905354849548394,
            "count": 8
        },
        "DroneDefender.Policy.LearningRate.sum": {
            "value": 0.0002905138813620405,
            "min": 0.0002905138813620405,
            "max": 0.0002905354849548394,
            "count": 8
        },
        "DroneDefender.Policy.Epsilon.mean": {
            "value": 0.19683795939999996,
            "min": 0.19683795939999996,
            "max": 0.19684516059999996,
            "count": 8
        },
        "DroneDefender.Policy.Epsilon.sum": {
            "value": 0.19683795939999996,
            "min": 0.19683795939999996,
            "max": 0.19684516059999996,
            "count": 8
        },
        "DroneDefender.Policy.Beta.mean": {
            "value": 0.00048450600106000007,
            "min": 0.00048450600106000007,
            "max": 0.0004845412869399999,
            "count": 8
        },
        "DroneDefender.Policy.Beta.sum": {
            "value": 0.00048450600106000007,
            "min": 0.00048450600106000007,
            "max": 0.0004845412869399999,
            "count": 8
        },
        "DroneAttacker.Losses.PolicyLoss.mean": {
            "value": 0.02131106414211293,
            "min": 0.019901066832244397,
            "max": 0.032431028705711164,
            "count": 8
        },
        "DroneAttacker.Losses.PolicyLoss.sum": {
            "value": 0.02131106414211293,
            "min": 0.019901066832244397,
            "max": 0.032431028705711164,
            "count": 8
        },
        "DroneAttacker.Losses.ValueLoss.mean": {
            "value": 17366.8333984375,
            "min": 11209.551155598958,
            "max": 33974.60735677083,
            "count": 8
        },