{
    "name": "root",
    "gauges": {
        "DroneDefender.Policy.Entropy.mean": {
            "value": 1.3846969604492188,
            "min": 1.3846969604492188,
            "max": 1.3846969604492188,
            "count": 1
        },
        "DroneDefender.Policy.Entropy.sum": {
            "value": 9338.396484375,
            "min": 9338.396484375,
            "max": 9338.396484375,
            "count": 1
        },
        "DroneDefender.Environment.EpisodeLength.mean": {
            "value": 152.9090909090909,
            "min": 152.9090909090909,
            "max": 152.9090909090909,
            "count": 1
        },
        "DroneDefender.Environment.EpisodeLength.sum": {
            "value": 3364.0,
            "min": 3364.0,
            "max": 3364.0,
            "count": 1
        },
        "DroneDefender.Step.mean": {
            "value": 11209941.0,
            "min": 11209941.0,
            "max": 11209941.0,
            "count": 1
        },
        "DroneDefender.Step.sum": {
            "value": 11209941.0,
            "min": 11209941.0,
            "max": 11209941.0,
            "count": 1
        },
        "DroneDefender.Policy.ExtrinsicValueEstimate.mean": {
            "value": 0.07590124756097794,
            "min": 0.07590124756097794,
            "max": 0.07590124756097794,
            "count": 1
        },
        "DroneDefender.Policy.ExtrinsicValueEstimate.sum": {
            "value": 8.728643417358398,
            "min": 8.728643417358398,
            "max": 8.728643417358398,
            "count": 1
        },
        "DroneDefender.Environment.CumulativeReward.mean": {
            "value": -413.53326201438904,
            "min": -413.53326201438904,
            "max": -413.53326201438904,
            "count": 1
        },
        "DroneDefender.Environment.CumulativeReward.sum": {
            "value": -9097.731764316559,
            "min": -9097.731764316559,
            "max": -9097.731764316559,
            "count": 1
        },
        "DroneDefender.Policy.ExtrinsicReward.mean": {
            "value": -413.53326201438904,
            "min": -413.53326201438904,
            "max": -413.53326201438904,
            "count": 1
        },
        "DroneDefender.Policy.ExtrinsicReward.sum": {
            "value": -9097.731764316559,
            "min": -9097.731764316559,
            "max": -9097.731764316559,
            "count": 1
        },
        "DroneDefender.IsTraining.mean": {
            "value": 1.0,
            "min": 1.0,
            "max": 1.0,
            "count": 1
        },
        "DroneDefender.IsTraining.sum": {
            "value": 1.0,
            "min": 1.0,
            "max": 1.0,
            "count": 1
        }
    },
    "metadata": {
        "timer_format_version": "0.1.0",
        "start_time_seconds": "1746955975",
        "python_version": "3.10.1 (tags/v3.10.1:2cd268a, Dec  6 2021, 19:10:37) [MSC v.1929 64 bit (AMD64)]",
        "command_line_arguments": "C:\\Users\\User\\drone-hunting-by-a-drone-swarm\\venv\\Scripts\\mlagents-learn config/multiagent_config.yaml --run-id=multiagents_001 --resume",
        "mlagents_version": "1.1.0",
        "mlagents_envs_version": "1.1.0",
        "communication_protocol_version": "1.5.0",
        "pytorch_version": "2.7.0+cpu",
        "numpy_version": "1.23.5",
        "end_time_seconds": "1746955996"
    },
    "total": 20.765681400000176,
    "count": 1,
    "self": 0.01314020000063465,
    "children": {
        "run_training.setup": {
            "total": 0.1456250999999611,
            "count": 1,
            "self": 0.1456250999999611
        },
        "TrainerController.start_learning": {
            "total": 20.60691609999958,
            "count": 1,
            "self": 0.02977870001905103,
            "children": {
                "TrainerController._reset_env": {
                    "total": 10.489710099999684,
                    "count": 1,
                    "self": 10.489710099999684
                },
                "TrainerController.advance": {
                    "total": 9.851340399981382,
                    "count": 1734,
                    "self": 0.03371969998897839,
                    "children": {
                        "env_step": {
                            "total": 8.661726900004396,
                            "count": 1734,
                            "self": 6.398976799961019,
                            "children": {
                                "SubprocessEnvManager._take_step": {
                                    "total": 2.2435266000320553,
                                    "count": 1734,
                                    "self": 0.1444249000542186,
                                    "children": {
                                        "TorchPolicy.evaluate": {
                                            "total": 2.0991016999778367,
                                            "count": 3468,
                                            "self": 2.0991016999778367
                                        }
                                    }
                                },
                                "workers": {
                                    "total": 0.019223500011321448,
                                    "count": 1734,
                                    "self": 0.0,
                                    "children": {
                                        "worker_root": {
                                            "total": 11.713036199997987,
                                            "count": 1734,
                                            "is_parallel": true,
                                            "self": 7.110520999999608,
                                            "children": {
                                                "steps_from_proto": {
                                                    "total": 0.0006035000005795155,
                                                    "count": 2,
                                                    "is_parallel": true,
                                                    "self": 0.000180200000613695,
                                                    "children": {
                                                        "_process_rank_one_or_two_observation": {
                                                            "total": 0.00042329999996582046,
                                                            "count": 4,
                                                            "is_parallel": true,
                                                            "self": 0.00042329999996582046
                                                        }
                                                    }
                                                },
                                                "UnityEnvironment.step": {
                                                    "total": 4.6019116999978,
                                                    "count": 1734,
                                                    "is_parallel": true,
                                                    "self": 0.1778650999749516,
                                                    "children": {
                                                        "UnityEnvironment._generate_step_input": {
                                                            "total": 0.20671270001184894,
                                                            "count": 1734,
                                                            "is_parallel": true,
                                                            "self": 0.20671270001184894
                                                        },
                                                        "communicator.exchange": {
                                                            "total": 3.709772799993516,
                                                            "count": 1734,