{
    "name": "root",
    "gauges": {
        "DroneDefender.Policy.Entropy.mean": {
            "value": 1.4022547006607056,
            "min": 1.4022488594055176,
            "max": 1.4167158603668213,
            "count": 113
        },
        "DroneDefender.Policy.Entropy.sum": {
            "value": 14008.5244140625,
            "min": 2713.387451171875,
            "max": 14462.85546875,
            "count": 113
        },
        "DroneDefender.Environment.EpisodeLength.mean": {
            "value": 1138.148148148148,
            "min": 18.47945205479452,
            "max": 3345.5555555555557,
            "count": 72
        },
        "DroneDefender.Environment.EpisodeLength.sum": {
            "value": 61460.0,
            "min": 151.0,
            "max": 65886.0,
            "count": 72
        },
        "DroneDefender.Step.mean": {
            "value": 1249998.0,
            "min": 129986.0,
            "max": 1249998.0,
            "count": 113
        },
        "DroneDefender.Step.sum": {
            "value": 1249998.0,
            "min": 129986.0,
            "max": 1249998.0,
            "count": 113
        },
        "DroneDefender.Policy.ExtrinsicValueEstimate.mean": {
            "value": -0.48828446865081787,
            "min": -0.6812103986740112,
            "max": 0.48909690976142883,
            "count": 113
        },
        "DroneDefender.Policy.ExtrinsicValueEstimate.sum": {
            "value": -76.66065979003906,
            "min": -229.24722290039062,
            "max": 76.29911804199219,
            "count": 113
        },
        "DroneDefender.Environment.CumulativeReward.mean": {
            "value": -0.4411688145008628,
            "min": -1.17911172285676,
            "max": 0.3629598678754909,
            "count": 72
        },
        "DroneDefender.Environment.CumulativeReward.sum": {
            "value": -23.82311598304659,
            "min": -253.85436264669988,
            "max": 5.081438150256872,
            "count": 72
        },
        "DroneDefender.Policy.ExtrinsicReward.mean": {
            "value": -0.4411688145008628,
            "min": -1.17911172285676,
            "max": 0.3629598678754909,
            "count": 72
        },
        "DroneDefender.Policy.ExtrinsicReward.sum": {
            "value": -23.82311598304659,
            "min": -253.85436264669988,
            "max": 5.081438150256872,
            "count": 72
        },
        "DroneDefender.IsTraining.mean": {
            "value": 0.0,
            "min": 0.0,
            "max": 1.0,
            "count": 113
        },
        "DroneDefender.IsTraining.sum": {
            "value": 0.0,
            "min": 0.0,
            "max": 1.0,
            "count": 113
        },
        "DroneDefender.Losses.PolicyLoss.mean": {
            "value": 0.023148244037292896,
            "min": 0.015314465373133619,
            "max": 0.0351018495624885,
            "count": 84
        },
        "DroneDefender.Losses.PolicyLoss.sum": {
            "value": 0.023148244037292896,
            "min": 0.015314465373133619,
            "max": 0.0351018495624885,
            "count": 84
        },
        "DroneDefender.Losses.ValueLoss.mean": {
            "value": 0.0005820677576897045,
            "min": 0.000514679328383257,
            "max": 0.044556153317292534,
            "count": 84
        },
        "DroneDefender.Losses.ValueLoss.sum": {
            "value": 0.0005820677576897045,
            "min": 0.000514679328383257,
            "max": 0.044556153317292534,
            "count": 84
        },
        "DroneDefender.Policy.LearningRate.mean": {
            "value": 1.8528993823999871e-06,
            "min": 1.8528993823999871e-06,
            "max": 0.0002584665138444999,
            "count": 84
        },
        "DroneDefender.Policy.LearningRate.sum": {
            "value": 1.8528993823999871e-06,
            "min": 1.8528993823999871e-06,
            "max": 0.0002584665138444999,
            "count": 84
        },
        "DroneDefender.Policy.Epsilon.mean": {
            "value": 0.10061760000000003,
            "min": 0.10061760000000003,
            "max": 0.18615549999999997,
            "count": 84
        },
        "DroneDefender.Policy.Epsilon.sum": {
            "value": 0.10061760000000003,
            "min": 0.10061760000000003,
            "max": 0.18615549999999997,
            "count": 84
        },
        "DroneDefender.Policy.Beta.mean": {
            "value": 1.302623999999998e-05,
            "min": 1.302623999999998e-05,
            "max": 0.0004321619499999998,
            "count": 84
        },
        "DroneDefender.Policy.Beta.sum": {
            "value": 1.302623999999998e-05,
            "min": 1.302623999999998e-05,
            "max": 0.0004321619499999998,
            "count": 84
        },
        "DroneAttacker.Policy.Entropy.mean": {
            "value": 1.402671217918396,
            "min": 1.400266408920288,
            "max": 1.4206956624984741,
            "count": 18
        },
        "DroneAttacker.Policy.Entropy.sum": {
            "value": 13981.826171875,
            "min": 12344.4248046875,
            "max": 14201.6689453125,
            "count": 18
        },
        "DroneAttacker.Environment.EpisodeLength.mean": {
            "value": 580.8947368421053,
            "min": 39.985849056603776,
            "max": 3385.3333333333335,
            "count": 18
        },
        "DroneAttacker.Environment.EpisodeLength.sum": {
            "value": 11037.0,
            "min": 1045.0,
            "max": 15304.0,
            "count": 18
        },
        "DroneAttacker.Step.mean": {
            "value": 199944.0,
            "min": 29996.0,
            "max": 199944.0,
            "count": 18
        },
        "DroneAttacker.Step.sum": {
            "value": 199944.0,
            "min": 29996.0,
            "max": 199944.0,
            "count": 18
        },
        "DroneAttacker.Policy.ExtrinsicValueEstimate.mean": {
            "value": -0.3200700581073761,
            "min": -0.7761447429656982,
            "max": 0.008314179256558418,
            "count": 18
        },
        "DroneAttacker.Policy.ExtrinsicValueEstimate.sum": {
            "value": -52.17142105102539,
            "min": -183.2336883544922,
            "max": 1.363525390625,
            "count": 18
        },
        "DroneAttacker.Environment.CumulativeReward.mean": {
            "value": -0.2869266861755597,
            "min": -0.9385273309094916,
            "max": 4.393506945421298,
            "count": 18
        },
        "DroneAttacker.Environment.CumulativeReward.sum": {
            "value": -5.451607037335634,
            "min": -228.06214141100645,
            "max": 13.180520836263895,
            "count": 18
        },
        "DroneAttacker.Policy.ExtrinsicReward.mean": {
            "value": -0.2869266861755597,
            "min": -0.9385273309094916,
            "max": 4.393506945421298,
            "count": 18
        },
        "DroneAttacker.Policy.ExtrinsicReward.sum": {
            "value": -5.451607037335634,
            "min": -228.06214141100645,
            "max": 13.180520836263895,
            "count": 18
        },
        "DroneAttacker.IsTraining.mean": {
            "value": 1.0,
            "min": 1.0,
            "max": 1.0,
            "count": 18
        },
        "DroneAttacker.IsTraining.sum": {
            "value": 1.0,
            "min": 1.0,
            "max": 1.0,
            "count": 18
        },
        "DroneAttacker.Losses.PolicyLoss.mean": {
            "value": 0.020821149492015443,
            "min": 0.016233627835754307,
            "max": 0.030039976556630186,
            "count": 17
        },
        "DroneAttacker.Losses.PolicyLoss.sum": {
            "value": 0.020821149492015443,
            "min": 0.016233627835754307,
            "max": 0.030039976556630186,
            "count": 17
        },