{
    "name": "root",
    "gauges": {
        "DroneFlight.Policy.Entropy.mean": {
            "value": 2.354090929031372,
            "min": 2.354090929031372,
            "max": 2.3554494380950928,
            "count": 2
        },
        "DroneFlight.Policy.Entropy.sum": {
            "value": 23493.828125,
            "min": 895.07080078125,
            "max": 23493.828125,
            "count": 2
        },
        "DroneFlight.Step.mean": {
            "value": 81169943.0,
            "min": 81159963.0,
            "max": 81169943.0,
            "count": 2
        },
        "DroneFlight.Step.sum": {
            "value": 81169943.0,
            "min": 81159963.0,
            "max": 81169943.0,
            "count": 2
        },
        "DroneFlight.Policy.ExtrinsicValueEstimate.mean": {
            "value": 37.94895553588867,
            "min": 37.94895553588867,
            "max": 47.26892852783203,
            "count": 2
        },
        "DroneFlight.Policy.ExtrinsicValueEstimate.sum": {
            "value": 7551.84228515625,
            "min": 330.88250732421875,
            "max": 7551.84228515625,
            "count": 2
        },
        "DroneFlight.Environment.EpisodeLength.mean": {
            "value": 115.52380952380952,
            "min": 104.33333333333333,
            "max": 115.52380952380952,
            "count": 2
        },
        "DroneFlight.Environment.EpisodeLength.sum": {
            "value": 9704.0,
            "min": 313.0,
            "max": 9704.0,
            "count": 2
        },
        "DroneFlight.Environment.CumulativeReward.mean": {
            "value": 13.4397063936506,
            "min": 13.4397063936506,
            "max": 25.995421091715496,
            "count": 2
        },
        "DroneFlight.Environment.CumulativeReward.sum": {
            "value": 1128.9353370666504,
            "min": 77.98626327514648,
            "max": 1128.9353370666504,
            "count": 2
        },
        "DroneFlight.Policy.ExtrinsicReward.mean": {
            "value": 13.4397063936506,
            "min": 13.4397063936506,
            "max": 25.995421091715496,
            "count": 2
        },
        "DroneFlight.Policy.ExtrinsicReward.sum": {
            "value": 1128.9353370666504,
            "min": 77.98626327514648,
            "max": 1128.9353370666504,
            "count": 2
        },
        "DroneFlight.IsTraining.mean": {
            "value": 1.0,
            "min": 1.0,
            "max": 1.0,
            "count": 2
        },
        "DroneFlight.IsTraining.sum": {
            "value": 1.0,
            "min": 1.0,
            "max": 1.0,
            "count": 2
        },
        "DroneFlight.Losses.PolicyLoss.mean": {
            "value": 0.03459841583389789,
            "min": 0.03459841583389789,
            "max": 0.03459841583389789,
            "count": 1
        },
        "DroneFlight.Losses.PolicyLoss.sum": {
            "value": 0.06919683166779578,
            "min": 0.06919683166779578,
            "max": 0.06919683166779578,
            "count": 1
        },
        "DroneFlight.Losses.ValueLoss.mean": {
            "value": 42.19706777731578,
            "min": 42.19706777731578,
            "max": 42.19706777731578,
            "count": 1
        },
        "DroneFlight.Losses.ValueLoss.sum": {
            "value": 84.39413555463156,
            "min": 84.39413555463156,
            "max": 84.39413555463156,
            "count": 1
        },
        "DroneFlight.Policy.LearningRate.mean": {
            "value": 0.0003,
            "min": 0.0003,
            "max": 0.0003,
            "count": 1
        },
        "DroneFlight.Policy.LearningRate.sum": {
            "value": 0.0006,
            "min": 0.0006,
            "max": 0.0006,
            "count": 1
        },
        "DroneFlight.Policy.Epsilon.mean": {
            "value": 0.20000000000000004,
            "min": 0.20000000000000004,
            "max": 0.20000000000000004,
            "count": 1
        },
        "DroneFlight.Policy.Epsilon.sum": {
            "value": 0.4000000000000001,
            "min": 0.4000000000000001,
            "max": 0.4000000000000001,
            "count": 1
        },
        "DroneFlight.Policy.Beta.mean": {
            "value": 0.0005,
            "min": 0.0005,
            "max": 0.0005,
            "count": 1
        },
        "DroneFlight.Policy.Beta.sum": {
            "value": 0.001,
            "min": 0.001,
            "max": 0.001,
            "count": 1
        }
    },
    "metadata": {
        "timer_format_version": "0.1.0",
        "start_time_seconds": "1748865694",
        "python_version": "3.10.1 (tags/v3.10.1:2cd268a, Dec  6 2021, 19:10:37) [MSC v.1929 64 bit (AMD64)]",
        "command_line_arguments": "C:\\Users\\User\\drone-hunting-by-a-drone-swarm\\venv\\Scripts\\mlagents-learn config/phase2_config.yaml --run-id=DroneFlight_20mRay --resume",
        "mlagents_version": "1.1.0",
        "mlagents_envs_version": "1.1.0",
        "communication_protocol_version": "1.5.0",
        "pytorch_version": "2.7.0+cu118",
        "numpy_version": "1.23.5",
        "end_time_seconds": "1748865847"
    },
    "total": 153.50992899999255,
    "count": 1,
    "self": 0.006116200005635619,
    "children": {
        "run_training.setup": {
            "total": 0.07952949999889825,
            "count": 1,
            "self": 0.07952949999889825
        },
        "TrainerController.start_learning": {
            "total": 153.42428329998802,
            "count": 1,
            "self": 0.24605560014606453,
            "children": {
                "TrainerController._reset_env": {
                    "total": 9.751023100005114,
                    "count": 1,
                    "self": 9.751023100005114
                },
                "TrainerController.advance": {
                    "total": 143.1827552998293,
                    "count": 14732,
                    "self": 0.22413289932592306,
                    "children": {
                        "env_step": {
                            "total": 137.76365249983792,
                            "count": 14732,
                            "self": 80.86530750077509,
                            "children": {
                                "SubprocessEnvManager._take_step": {
                                    "total": 56.73942979959247,
                                    "count": 14732,
                                    "self": 0.8772917984751984,
                                    "children": {
                                        "TorchPolicy.evaluate": {
                                            "total": 55.86213800111727,
                                            "count": 14631,
                                            "self": 55.86213800111727
                                        }
                                    }
                                },
                                "workers": {
                                    "total": 0.15891519947035704,
                                    "count": 14731,
                                    "self": 0.0,
                                    "children": {
                                        "worker_root": {
                                            "total": 135.85185950079176,
                                            "count": 14731,
                                            "is_parallel": true,
                                            "self": 76.45752970009926,
                                            "children": {
                                                "steps_from_proto": {
                                                    "total": 0.00028639999800361693,
                                                    "count": 1,
                                                    "is_parallel": true,
                                                    "self": 9.760000102687627e-05,