{
    "name": "root",
    "gauges": {
        "DroneFlight.Policy.Entropy.mean": {
            "value": 2.3590471744537354,
            "min": 2.3520805835723877,
            "max": 2.787351131439209,
            "count": 424
        },
        "DroneFlight.Policy.Entropy.sum": {
            "value": 23465.44140625,
            "min": 17482.265625,
            "max": 30355.3203125,
            "count": 424
        },
        "DroneFlight.Environment.EpisodeLength.mean": {
            "value": 134.2469135802469,
            "min": 98.1,
            "max": 168.6,
            "count": 424
        },
        "DroneFlight.Environment.EpisodeLength.sum": {
            "value": 10874.0,
            "min": 1962.0,
            "max": 13391.0,
            "count": 424
        },
        "DroneFlight.Step.mean": {
            "value": 81099978.0,
            "min": 76869979.0,
            "max": 81099978.0,
            "count": 424
        },
        "DroneFlight.Step.sum": {
            "value": 81099978.0,
            "min": 76869979.0,
            "max": 81099978.0,
            "count": 424
        },
        "DroneFlight.Policy.ExtrinsicValueEstimate.mean": {
            "value": 27.6863956451416,
            "min": 15.4509916305542,
            "max": 43.988162994384766,
            "count": 424
        },
        "DroneFlight.Policy.ExtrinsicValueEstimate.sum": {
            "value": 5481.90625,
            "min": 1421.4912109375,
            "max": 8842.8388671875,
            "count": 424
        },
        "DroneFlight.Environment.CumulativeReward.mean": {
            "value": -13.991902268963095,
            "min": -31.079770719850217,
            "max": 40.21668304631739,
            "count": 424
        },
        "DroneFlight.Environment.CumulativeReward.sum": {
            "value": -1133.3440837860107,
            "min": -2393.142345428467,
            "max": 3257.551326751709,
            "count": 424
        },
        "DroneFlight.Policy.ExtrinsicReward.mean": {
            "value": -13.991902268963095,
            "min": -31.079770719850217,
            "max": 40.21668304631739,
            "count": 424
        },
        "DroneFlight.Policy.ExtrinsicReward.sum": {
            "value": -1133.3440837860107,
            "min": -2393.142345428467,
            "max": 3257.551326751709,
            "count": 424
        },
        "DroneFlight.IsTraining.mean": {
            "value": 1.0,
            "min": 1.0,
            "max": 1.0,
            "count": 424
        },
        "DroneFlight.IsTraining.sum": {
            "value": 1.0,
            "min": 1.0,
            "max": 1.0,
            "count": 424
        },
        "DroneFlight.Losses.PolicyLoss.mean": {
            "value": 0.03085223699842269,
            "min": 0.023252970713656396,
            "max": 0.04566068009201747,
            "count": 423
        },
        "DroneFlight.Losses.PolicyLoss.sum": {
            "value": 0.06170447399684538,
            "min": 0.04650594142731279,
            "max": 0.12835180355856818,
            "count": 423
        },
        "DroneFlight.Losses.ValueLoss.mean": {
            "value": 57.22566715876262,
            "min": 29.393431385358177,
            "max": 395.94537019729614,
            "count": 423
        },
        "DroneFlight.Losses.ValueLoss.sum": {
            "value": 114.45133431752524,
            "min": 58.786862770716354,
            "max": 1060.955670197805,
            "count": 423
        },
        "DroneFlight.Policy.LearningRate.mean": {
            "value": 0.0003,
            "min": 0.0003,
            "max": 0.0003,
            "count": 423
        },
        "DroneFlight.Policy.LearningRate.sum": {
            "value": 0.0006,
            "min": 0.0006,
            "max": 0.0009,
            "count": 423
        },
        "DroneFlight.Policy.Epsilon.mean": {
            "value": 0.20000000000000004,
            "min": 0.20000000000000004,
            "max": 0.20000000000000007,
            "count": 423
        },
        "DroneFlight.Policy.Epsilon.sum": {
            "value": 0.4000000000000001,
            "min": 0.4000000000000001,
            "max": 0.6000000000000001,
            "count": 423
        },
        "DroneFlight.Policy.Beta.mean": {
            "value": 0.0005,
            "min": 0.0005,
            "max": 0.0005,
            "count": 423
        },
        "DroneFlight.Policy.Beta.sum": {
            "value": 0.001,
            "min": 0.001,
            "max": 0.0015,
            "count": 423
        }
    },
    "metadata": {
        "timer_format_version": "0.1.0",
        "start_time_seconds": "1748860670",
        "python_version": "3.10.1 (tags/v3.10.1:2cd268a, Dec  6 2021, 19:10:37) [MSC v.1929 64 bit (AMD64)]",
        "command_line_arguments": "C:\\Users\\User\\drone-hunting-by-a-drone-swarm\\venv\\Scripts\\mlagents-learn config/phase2_config.yaml --run-id=DroneFlight_20mRay --resume",
        "mlagents_version": "1.1.0",
        "mlagents_envs_version": "1.1.0",
        "communication_protocol_version": "1.5.0",
        "pytorch_version": "2.7.0+cu118",
        "numpy_version": "1.23.5",
        "end_time_seconds": "1748863767"
    },
    "total": 3097.0597945999907,
    "count": 1,
    "self": 0.005904299992835149,
    "children": {
        "run_training.setup": {
            "total": 0.09543239999038633,
            "count": 1,
            "self": 0.09543239999038633
        },
        "TrainerController.start_learning": {
            "total": 3096.9584579000075,
            "count": 1,
            "self": 2.431558098644018,
            "children": {
                "TrainerController._reset_env": {
                    "total": 10.210658399999375,
                    "count": 1,
                    "self": 10.210658399999375
                },
                "TrainerController.advance": {
                    "total": 3084.151543501357,
                    "count": 111424,
                    "self": 2.0445256078673992,
                    "children": {
                        "env_step": {
                            "total": 1650.7385116971564,
                            "count": 111424,
                            "self": 1365.5046885953343,
                            "children": {
                                "SubprocessEnvManager._take_step": {
                                    "total": 283.9028509998898,
                                    "count": 111427,
                                    "self": 7.2358842976391315,
                                    "children": {
                                        "TorchPolicy.evaluate": {
                                            "total": 276.66696670225065,
                                            "count": 86659,
                                            "self": 276.66696670225065
                                        }
                                    }
                                },
                                "workers": {
                                    "total": 1.330972101932275,
                                    "count": 111423,
                                    "self": 0.0,
                                    "children": {
                                        "worker_root": {
                                            "total": 2971.047503202688,
                                            "count": 111423,
                                            "is_parallel": true,
                                            "self": 1918.357401203917,
                                            "children": {
                                                "steps_from_proto": {
                                                    "total": 0.003346500001498498,
                                                    "count": 4,
                                                    "is_parallel": true,
                                                    "self": 0.0006636000180151314,