{
    "name": "root",
    "gauges": {
        "DroneDefender.Policy.Entropy.mean": {
            "value": 1.1628903150558472,
            "min": 1.0219895839691162,
            "max": 1.1630054712295532,
            "count": 701
        },
        "DroneDefender.Policy.Entropy.sum": {
            "value": 11550.9892578125,
            "min": 6097.421875,
            "max": 13514.2666015625,
            "count": 701
        },
        "DroneDefender.Environment.EpisodeLength.mean": {
            "value": 97.08536585365853,
            "min": 28.5,
            "max": 127.35820895522389,
            "count": 701
        },
        "DroneDefender.Environment.EpisodeLength.sum": {
            "value": 7961.0,
            "min": 285.0,
            "max": 12831.0,
            "count": 701
        },
        "DroneDefender.Step.mean": {
            "value": 54339997.0,
            "min": 47339988.0,
            "max": 54339997.0,
            "count": 701
        },
        "DroneDefender.Step.sum": {
            "value": 54339997.0,
            "min": 47339988.0,
            "max": 54339997.0,
            "count": 701
        },
        "DroneDefender.Policy.ExtrinsicValueEstimate.mean": {
            "value": -0.787995457649231,
            "min": -48.08662033081055,
            "max": 62.267452239990234,
            "count": 701
        },
        "DroneDefender.Policy.ExtrinsicValueEstimate.sum": {
            "value": -153.65911865234375,
            "min": -10338.623046875,
            "max": 11644.013671875,
            "count": 701
        },
        "DroneDefender.Environment.CumulativeReward.mean": {
            "value": -363.7844411702383,
            "min": -1085.195733642578,
            "max": -77.07019635387088,
            "count": 701
        },
        "DroneDefender.Environment.CumulativeReward.sum": {
            "value": -30557.89305830002,
            "min": -58664.76471614838,
            "max": -7090.458064556122,
            "count": 701
        },
        "DroneDefender.Policy.ExtrinsicReward.mean": {
            "value": -363.7844411702383,
            "min": -1085.195733642578,
            "max": -77.07019635387088,
            "count": 701
        },
        "DroneDefender.Policy.ExtrinsicReward.sum": {
            "value": -30557.89305830002,
            "min": -58664.76471614838,
            "max": -7090.458064556122,
            "count": 701
        },
        "DroneDefender.IsTraining.mean": {
            "value": 1.0,
            "min": 1.0,
            "max": 1.0,
            "count": 701
        },
        "DroneDefender.IsTraining.sum": {
            "value": 1.0,
            "min": 1.0,
            "max": 1.0,
            "count": 701
        },
        "DroneDefender.Losses.PolicyLoss.mean": {
            "value": 0.022625846788287163,
            "min": 0.014122013282030822,
            "max": 0.05036698929034174,
            "count": 672
        },
        "DroneDefender.Losses.PolicyLoss.sum": {
            "value": 0.022625846788287163,
            "min": 0.014122013282030822,
            "max": 0.05036698929034174,
            "count": 672
        },
        "DroneDefender.Losses.ValueLoss.mean": {
            "value": 1810.6764912923177,
            "min": 354.63307291666666,
            "max": 10803.512093098958,
            "count": 672
        },
        "DroneDefender.Losses.ValueLoss.sum": {
            "value": 1810.6764912923177,
            "min": 354.63307291666666,
            "max": 10803.512093098958,
            "count": 672
        },
        "DroneDefender.Policy.LearningRate.mean": {
            "value": 0.00028369919373360386,
            "min": 0.00028369919373360386,
            "max": 0.00028579606163464763,
            "count": 672
        },
        "DroneDefender.Policy.LearningRate.sum": {
            "value": 0.00028369919373360386,
            "min": 0.00028369919373360386,
            "max": 0.00028579606163464763,
            "count": 672
        },
        "DroneDefender.Policy.Epsilon.mean": {
            "value": 0.19456639609999998,
            "min": 0.19456639609999998,
            "max": 0.1952653523,
            "count": 672
        },
        "DroneDefender.Policy.Epsilon.sum": {
            "value": 0.19456639609999998,
            "min": 0.19456639609999998,
            "max": 0.1952653523,
            "count": 672
        },
        "DroneDefender.Policy.Beta.mean": {
            "value": 0.00047337534089,
            "min": 0.00047337534089,
            "max": 0.00047680022626999996,
            "count": 672
        },
        "DroneDefender.Policy.Beta.sum": {
            "value": 0.00047337534089,
            "min": 0.00047337534089,
            "max": 0.00047680022626999996,
            "count": 672
        },
        "DroneAttacker.Policy.Entropy.mean": {
            "value": 0.16611063480377197,
            "min": 0.16611063480377197,
            "max": 0.222327321767807,
            "count": 123
        },
        "DroneAttacker.Policy.Entropy.sum": {
            "value": 1666.421875,
            "min": 1020.4622802734375,
            "max": 2246.558837890625,
            "count": 123
        },
        "DroneAttacker.Environment.EpisodeLength.mean": {
            "value": 100.65979381443299,
            "min": 100.10309278350516,
            "max": 115.85227272727273,
            "count": 123
        },
        "DroneAttacker.Environment.EpisodeLength.sum": {
            "value": 9764.0,
            "min": 3878.0,
            "max": 10311.0,
            "count": 123
        },
        "DroneAttacker.Step.mean": {
            "value": 9429994.0,
            "min": 8209998.0,
            "max": 9429994.0,
            "count": 123
        },
        "DroneAttacker.Step.sum": {
            "value": 9429994.0,
            "min": 8209998.0,
            "max": 9429994.0,
            "count": 123
        },
        "DroneAttacker.Policy.ExtrinsicValueEstimate.mean": {
            "value": 326.41339111328125,
            "min": 226.75914001464844,
            "max": 485.3470153808594,
            "count": 123
        },
        "DroneAttacker.Policy.ExtrinsicValueEstimate.sum": {
            "value": 65609.09375,
            "min": 31639.185546875,
            "max": 94472.28125,
            "count": 123
        },
        "DroneAttacker.Environment.CumulativeReward.mean": {
            "value": 377.65510154257015,
            "min": 106.94767299918242,
            "max": 756.6174429960029,
            "count": 123
        },
        "DroneAttacker.Environment.CumulativeReward.sum": {
            "value": 37010.199951171875,
            "min": 9197.499877929688,
            "max": 65072.20007324219,
            "count": 123
        },
        "DroneAttacker.Policy.ExtrinsicReward.mean": {
            "value": 377.65510154257015,
            "min": 106.94767299918242,
            "max": 756.6174429960029,
            "count": 123
        },
        "DroneAttacker.Policy.ExtrinsicReward.sum": {
            "value": 37010.199951171875,
            "min": 9197.499877929688,
            "max": 65072.20007324219,
            "count": 123
        },
        "DroneAttacker.IsTraining.mean": {
            "value": 1.0,
            "min": 1.0,
            "max": 1.0,
            "count": 123
        },
        "DroneAttacker.IsTraining.sum": {
            "value": 1.0,
            "min": 1.0,
            "max": 1.0,
            "count": 123
        },
        "DroneAttacker.Losses.PolicyLoss.mean": {
            "value": 0.02842600764706731,
            "min": 0.015002380420143405,
            "max": 0.032490305214499436,
            "count": 119
        },
        "DroneAttacker.Losses.PolicyLoss.sum": {
            "value": 0.02842600764706731,
            "min": 0.015002380420143405,
            "max": 0.032490305214499436,
            "count": 119
        },
        "DroneAttacker.Losses.ValueLoss.mean": {
            "value": 40963.0060546875,
            "min": 19011.99921875,