{
    "name": "root",
    "gauges": {
        "DroneFlight.Policy.Entropy.mean": {
            "value": 0.6832695603370667,
            "min": 0.6828336715698242,
            "max": 1.4174504280090332,
            "count": 381
        },
        "DroneFlight.Policy.Entropy.sum": {
            "value": 6696.04150390625,
            "min": 6696.04150390625,
            "max": 15766.30078125,
            "count": 381
        },
        "DroneFlight.Environment.EpisodeLength.mean": {
            "value": 49.484848484848484,
            "min": 43.12785388127854,
            "max": 1698.2,
            "count": 381
        },
        "DroneFlight.Environment.EpisodeLength.sum": {
            "value": 9798.0,
            "min": 1866.0,
            "max": 19543.0,
            "count": 381
        },
        "DroneFlight.Step.mean": {
            "value": 3809979.0,
            "min": 9984.0,
            "max": 3809979.0,
            "count": 381
        },
        "DroneFlight.Step.sum": {
            "value": 3809979.0,
            "min": 9984.0,
            "max": 3809979.0,
            "count": 381
        },
        "DroneFlight.Policy.ExtrinsicValueEstimate.mean": {
            "value": 80309.25,
            "min": -78620.03125,
            "max": 81668.046875,
            "count": 381
        },
        "DroneFlight.Policy.ExtrinsicValueEstimate.sum": {
            "value": 19515148.0,
            "min": -21418108.0,
            "max": 20312408.0,
            "count": 381
        },
        "DroneFlight.Environment.CumulativeReward.mean": {
            "value": 99236.4898989899,
            "min": -101086.14285714286,
            "max": 101437.53571428571,
            "count": 381
        },
        "DroneFlight.Environment.CumulativeReward.sum": {
            "value": 19648825.0,
            "min": -21304644.0,
            "max": 21348832.0,
            "count": 381
        },
        "DroneFlight.Policy.ExtrinsicReward.mean": {
            "value": 99236.4898989899,
            "min": -101086.14285714286,
            "max": 101437.53571428571,
            "count": 381
        },
        "DroneFlight.Policy.ExtrinsicReward.sum": {
            "value": 19648825.0,
            "min": -21304644.0,
            "max": 21348832.0,
            "count": 381
        },
        "DroneFlight.Losses.PolicyLoss.mean": {
            "value": 0.03537411301577878,
            "min": 0.02379916308564134,
            "max": 0.04444431497055727,
            "count": 381
        },
        "DroneFlight.Losses.PolicyLoss.sum": {
            "value": 0.10612233904733634,
            "min": 0.04759832617128268,
            "max": 0.1275915023094664,
            "count": 381
        },
        "DroneFlight.Losses.ValueLoss.mean": {
            "value": 30920867.520833332,
            "min": 4652427.583333334,
            "max": 1668162365.3333333,
            "count": 381
        },
        "DroneFlight.Losses.ValueLoss.sum": {
            "value": 92762602.5625,
            "min": 9304855.166666668,
            "max": 3336324730.6666665,
            "count": 381
        },
        "DroneFlight.Policy.LearningRate.mean": {
            "value": 0.0003,
            "min": 0.0003,
            "max": 0.0003,
            "count": 381
        },
        "DroneFlight.Policy.LearningRate.sum": {
            "value": 0.0009,
            "min": 0.0006,
            "max": 0.0009,
            "count": 381
        },
        "DroneFlight.Policy.Epsilon.mean": {
            "value": 0.20000000000000004,
            "min": 0.20000000000000004,
            "max": 0.20000000000000004,
            "count": 381
        },
        "DroneFlight.Policy.Epsilon.sum": {
            "value": 0.6000000000000001,
            "min": 0.4000000000000001,
            "max": 0.6000000000000001,
            "count": 381
        },
        "DroneFlight.Policy.Beta.mean": {
            "value": 0.0005,
            "min": 0.0005,
            "max": 0.0005,
            "count": 381
        },
        "DroneFlight.Policy.Beta.sum": {
            "value": 0.0015,
            "min": 0.001,
            "max": 0.0015,
            "count": 381
        },
        "DroneFlight.IsTraining.mean": {
            "value": 1.0,
            "min": 1.0,
            "max": 1.0,
            "count": 381
        },
        "DroneFlight.IsTraining.sum": {
            "value": 1.0,
            "min": 1.0,
            "max": 1.0,
            "count": 381
        }
    },
    "metadata": {
        "timer_format_version": "0.1.0",
        "start_time_seconds": "1748205181",
        "python_version": "3.10.1 (tags/v3.10.1:2cd268a, Dec  6 2021, 19:10:37) [MSC v.1929 64 bit (AMD64)]",
        "command_line_arguments": "C:\\Users\\User\\drone-hunting-by-a-drone-swarm\\venv\\Scripts\\mlagents-learn config/phase2_config.yaml --run-id=phase2_5x256",
        "mlagents_version": "1.1.0",
        "mlagents_envs_version": "1.1.0",
        "communication_protocol_version": "1.5.0",
        "pytorch_version": "2.7.0+cu118",
        "numpy_version": "1.23.5",
        "end_time_seconds": "1748207654"
    },
    "total": 2473.1055479999995,
    "count": 1,
    "self": 0.0062576999989687465,
    "children": {
        "run_training.setup": {
            "total": 0.08174940000026254,
            "count": 1,
            "self": 0.08174940000026254
        },
        "TrainerController.start_learning": {
            "total": 2473.0175409000003,
            "count": 1,
            "self": 2.4174364998398232,
            "children": {
                "TrainerController._reset_env": {
                    "total": 22.792082799998752,
                    "count": 1,
                    "self": 22.792082799998752
                },
                "TrainerController.advance": {
                    "total": 2447.625355000164,
                    "count": 109535,
                    "self": 1.9580590980840498,
                    "children": {
                        "env_step": {
                            "total": 1081.5238237011072,
                            "count": 109535,
                            "self": 812.3621685016697,
                            "children": {
                                "SubprocessEnvManager._take_step": {
                                    "total": 267.90334190029535,
                                    "count": 109535,
                                    "self": 6.39812019985402,
                                    "children": {
                                        "TorchPolicy.evaluate": {
                                            "total": 261.5052217004413,
                                            "count": 77927,
                                            "self": 261.5052217004413
                                        }
                                    }
                                },
                                "workers": {
                                    "total": 1.2583132991421735,
                                    "count": 109534,
                                    "self": 0.0,
                                    "children": {
                                        "worker_root": {
                                            "total": 2443.8152255010136,
                                            "count": 109534,
                                            "is_parallel": true,
                                            "self": 1819.5787800016406,
                                            "children": {
                                                "steps_from_proto": {
                                                    "total": 0.0008688000016263686,
                                                    "count": 1,
                                                    "is_parallel": true,
                                                    "self": 0.0001756999990902841,