{
    "name": "root",
    "gauges": {
        "DroneDefender.Policy.Entropy.mean": {
            "value": 0.965681254863739,
            "min": 0.965681254863739,
            "max": 1.0325899124145508,
            "count": 67
        },
        "DroneDefender.Policy.Entropy.sum": {
            "value": 9751.44921875,
            "min": 3568.630859375,
            "max": 10777.79296875,
            "count": 67
        },
        "DroneDefender.Environment.EpisodeLength.mean": {
            "value": 60.36645962732919,
            "min": 29.76086956521739,
            "max": 70.57352941176471,
            "count": 67
        },
        "DroneDefender.Environment.EpisodeLength.sum": {
            "value": 9719.0,
            "min": 1369.0,
            "max": 11393.0,
            "count": 67
        },
        "DroneDefender.Step.mean": {
            "value": 1789996.0,
            "min": 1129999.0,
            "max": 1789996.0,
            "count": 67
        },
        "DroneDefender.Step.sum": {
            "value": 1789996.0,
            "min": 1129999.0,
            "max": 1789996.0,
            "count": 67
        },
        "DroneDefender.Policy.ExtrinsicValueEstimate.mean": {
            "value": -4325.4794921875,
            "min": -4724.37158203125,
            "max": -3283.041259765625,
            "count": 67
        },
        "DroneDefender.Policy.ExtrinsicValueEstimate.sum": {
            "value": -1059742.5,
            "min": -1270856.0,
            "max": -196982.46875,
            "count": 67
        },
        "DroneDefender.Environment.CumulativeReward.mean": {
            "value": -43118.80901574785,
            "min": -75644.99237856657,
            "max": -24271.07082262541,
            "count": 67
        },
        "DroneDefender.Environment.CumulativeReward.sum": {
            "value": -6769653.015472412,
            "min": -8601932.466552734,
            "max": -3479669.6494140625,
            "count": 67
        },
        "DroneDefender.Policy.ExtrinsicReward.mean": {
            "value": -43118.80901574785,
            "min": -75644.99237856657,
            "max": -24271.07082262541,
            "count": 67
        },
        "DroneDefender.Policy.ExtrinsicReward.sum": {
            "value": -6769653.015472412,
            "min": -8601932.466552734,
            "max": -3479669.6494140625,
            "count": 67
        },
        "DroneDefender.IsTraining.mean": {
            "value": 1.0,
            "min": 1.0,
            "max": 1.0,
            "count": 67
        },
        "DroneDefender.IsTraining.sum": {
            "value": 1.0,
            "min": 1.0,
            "max": 1.0,
            "count": 67
        },
        "DroneDefender.Losses.PolicyLoss.mean": {
            "value": 0.02095196726731956,
            "min": 0.01591229165593783,
            "max": 0.0349893469363451,
            "count": 63
        },
        "DroneDefender.Losses.PolicyLoss.sum": {
            "value": 0.02095196726731956,
            "min": 0.01591229165593783,
            "max": 0.0349893469363451,
            "count": 63
        },
        "DroneDefender.Losses.ValueLoss.mean": {
            "value": 715665491.2,
            "min": 454160650.6666667,
            "max": 858302408.5333333,
            "count": 63
        },
        "DroneDefender.Losses.ValueLoss.sum": {
            "value": 715665491.2,
            "min": 454160650.6666667,
            "max": 858302408.5333333,
            "count": 63
        },
        "DroneDefender.Policy.LearningRate.mean": {
            "value": 0.00029946576617807797,
            "min": 0.00029946576617807797,
            "max": 0.0002996585767138079,
            "count": 63
        },
        "DroneDefender.Policy.LearningRate.sum": {
            "value": 0.00029946576617807797,
            "min": 0.00029946576617807797,
            "max": 0.0002996585767138079,
            "count": 63
        },
        "DroneDefender.Policy.Epsilon.mean": {
            "value": 0.19982192199999999,
            "min": 0.19982192199999999,
            "max": 0.19988619220000003,
            "count": 63
        },
        "DroneDefender.Policy.Epsilon.sum": {
            "value": 0.19982192199999999,
            "min": 0.19982192199999999,
            "max": 0.19988619220000003,
            "count": 63
        },
        "DroneDefender.Policy.Beta.mean": {
            "value": 0.0004991274177999999,
            "min": 0.0004991274177999999,
            "max": 0.0004994423417799999,
            "count": 63
        },
        "DroneDefender.Policy.Beta.sum": {
            "value": 0.0004991274177999999,
            "min": 0.0004991274177999999,
            "max": 0.0004994423417799999,
            "count": 63
        },
        "DroneAttacker.Policy.Entropy.mean": {
            "value": 1.2178475856781006,
            "min": 1.2178475856781006,
            "max": 1.225875735282898,
            "count": 11
        },
        "DroneAttacker.Policy.Entropy.sum": {
            "value": 12100.533203125,
            "min": 2769.25341796875,
            "max": 12338.1474609375,
            "count": 11
        },
        "DroneAttacker.Environment.EpisodeLength.mean": {
            "value": 78.22222222222223,
            "min": 70.19718309859155,
            "max": 78.22222222222223,
            "count": 11
        },
        "DroneAttacker.Environment.EpisodeLength.sum": {
            "value": 9856.0,
            "min": 1754.0,
            "max": 10027.0,
            "count": 11
        },
        "DroneAttacker.Step.mean": {
            "value": 289970.0,
            "min": 189973.0,
            "max": 289970.0,
            "count": 11
        },
        "DroneAttacker.Step.sum": {
            "value": 289970.0,
            "min": 189973.0,
            "max": 289970.0,
            "count": 11
        },
        "DroneAttacker.Policy.ExtrinsicValueEstimate.mean": {
            "value": 4133.50244140625,
            "min": 1709.4044189453125,
            "max": 5189.0732421875,
            "count": 11
        },
        "DroneAttacker.Policy.ExtrinsicValueEstimate.sum": {
            "value": 917637.5,
            "min": 75213.796875,
            "max": 1203865.0,
            "count": 11
        },
        "DroneAttacker.Environment.CumulativeReward.mean": {
            "value": 246.432,
            "min": -8644.565217391304,
            "max": 246.432,
            "count": 11
        },
        "DroneAttacker.Environment.CumulativeReward.sum": {
            "value": 30804.0,
            "min": -409331.0,
            "max": 30804.0,
            "count": 11
        },
        "DroneAttacker.Policy.ExtrinsicReward.mean": {
            "value": 246.432,
            "min": -8644.565217391304,
            "max": 246.432,
            "count": 11
        },
        "DroneAttacker.Policy.ExtrinsicReward.sum": {
            "value": 30804.0,
            "min": -409331.0,
            "max": 30804.0,
            "count": 11
        },
        "DroneAttacker.IsTraining.mean": {
            "value": 1.0,
            "min": 1.0,
            "max": 1.0,
            "count": 11
        },
        "DroneAttacker.IsTraining.sum": {
            "value": 1.0,
            "min": 1.0,
            "max": 1.0,
            "count": 11
        },
        "DroneAttacker.Losses.PolicyLoss.mean": {
            "value": 0.01946412764955312,
            "min": 0.01880100986454636,
            "max": 0.02883258496100704,
            "count": 9
        },
        "DroneAttacker.Losses.PolicyLoss.sum": {
            "value": 0.01946412764955312,
            "min": 0.01880100986454636,
            "max": 0.02883258496100704,
            "count": 9
        },
        "DroneAttacker.Losses.ValueLoss.mean": {
            "value": 19320667.9,
            "min": 19320667.9,
            "max": 29976171.866666667,
            "count": 9
        },
        "DroneAttacker.Losses.ValueLoss.sum": {
            "value": 19320667.9,
            "min": 19320667.9,