{
    "name": "root",
    "gauges": {
        "DroneDefender.Policy.Entropy.mean": {
            "value": 0.27834340929985046,
            "min": 0.2779231369495392,
            "max": 0.29067370295524597,
            "count": 24
        },
        "DroneDefender.Policy.Entropy.sum": {
            "value": 2876.12255859375,
            "min": 1069.097900390625,
            "max": 3678.94384765625,
            "count": 24
        },
        "DroneDefender.Environment.EpisodeLength.mean": {
            "value": 87.75213675213675,
            "min": 7.333333333333333,
            "max": 113.75,
            "count": 24
        },
        "DroneDefender.Environment.EpisodeLength.sum": {
            "value": 10267.0,
            "min": 44.0,
            "max": 13443.0,
            "count": 24
        },
        "DroneDefender.Step.mean": {
            "value": 11379977.0,
            "min": 11149982.0,
            "max": 11379977.0,
            "count": 24
        },
        "DroneDefender.Step.sum": {
            "value": 11379977.0,
            "min": 11149982.0,
            "max": 11379977.0,
            "count": 24
        },
        "DroneDefender.Policy.ExtrinsicValueEstimate.mean": {
            "value": -70.94807434082031,
            "min": -138.33042907714844,
            "max": -62.593868255615234,
            "count": 24
        },
        "DroneDefender.Policy.ExtrinsicValueEstimate.sum": {
            "value": -14260.5625,
            "min": -21316.41015625,
            "max": -691.6521606445312,
            "count": 24
        },
        "DroneDefender.Environment.CumulativeReward.mean": {
            "value": -130.09734513274336,
            "min": -1005.6,
            "max": -100.0672268907563,
            "count": 24
        },
        "DroneDefender.Environment.CumulativeReward.sum": {
            "value": -14701.0,
            "min": -24341.0,
            "max": -5028.0,
            "count": 24
        },
        "DroneDefender.Policy.ExtrinsicReward.mean": {
            "value": -130.09734513274336,
            "min": -1005.6,
            "max": -100.0672268907563,
            "count": 24
        },
        "DroneDefender.Policy.ExtrinsicReward.sum": {
            "value": -14701.0,
            "min": -24341.0,
            "max": -5028.0,
            "count": 24
        },
        "DroneDefender.IsTraining.mean": {
            "value": 1.0,
            "min": 1.0,
            "max": 1.0,
            "count": 24
        },
        "DroneDefender.IsTraining.sum": {
            "value": 1.0,
            "min": 1.0,
            "max": 1.0,
            "count": 24
        },
        "DroneAttacker.Policy.Entropy.mean": {
            "value": -0.2141980230808258,
            "min": -0.2141980230808258,
            "max": -0.21419799327850342,
            "count": 4
        },
        "DroneAttacker.Policy.Entropy.sum": {
            "value": -2207.096435546875,
            "min": -2207.096435546875,
            "max": -305.0179443359375,
            "count": 4
        },
        "DroneAttacker.Environment.EpisodeLength.mean": {
            "value": 93.35185185185185,
            "min": 46.0,
            "max": 94.62376237623762,
            "count": 4
        },
        "DroneAttacker.Environment.EpisodeLength.sum": {
            "value": 10082.0,
            "min": 46.0,
            "max": 10082.0,
            "count": 4
        },
        "DroneAttacker.IsTraining.mean": {
            "value": 1.0,
            "min": 1.0,
            "max": 1.0,
            "count": 4
        },
        "DroneAttacker.IsTraining.sum": {
            "value": 1.0,
            "min": 1.0,
            "max": 1.0,
            "count": 4
        },
        "DroneDefender.Losses.PolicyLoss.mean": {
            "value": 0.024398179491981864,
            "min": 0.019310293765738607,
            "max": 0.028441109384099644,
            "count": 21
        },
        "DroneDefender.Losses.PolicyLoss.sum": {
            "value": 0.024398179491981864,
            "min": 0.019310293765738607,
            "max": 0.028441109384099644,
            "count": 21
        },
        "DroneDefender.Losses.ValueLoss.mean": {
            "value": 4454.8037516276045,
            "min": 452.98173828125,
            "max": 4799.447139855587,
            "count": 21
        },
        "DroneDefender.Losses.ValueLoss.sum": {
            "value": 4454.8037516276045,
            "min": 452.98173828125,
            "max": 4799.447139855587,
            "count": 21
        },
        "DroneDefender.Policy.LearningRate.mean": {
            "value": 0.0003,
            "min": 0.0003,
            "max": 0.0003,
            "count": 21
        },
        "DroneDefender.Policy.LearningRate.sum": {
            "value": 0.0003,
            "min": 0.0003,
            "max": 0.0003,
            "count": 21
        },
        "DroneDefender.Policy.Epsilon.mean": {
            "value": 0.20000000000000007,
            "min": 0.2,
            "max": 0.20000000000000007,
            "count": 21
        },
        "DroneDefender.Policy.Epsilon.sum": {
            "value": 0.20000000000000007,
            "min": 0.2,
            "max": 0.20000000000000007,
            "count": 21
        },
        "DroneDefender.Policy.Beta.mean": {
            "value": 9.999999999999998e-05,
            "min": 9.999999999999998e-05,
            "max": 0.0001,
            "count": 21
        },
        "DroneDefender.Policy.Beta.sum": {
            "value": 9.999999999999998e-05,
            "min": 9.999999999999998e-05,
            "max": 0.0001,
            "count": 21
        },
        "DroneAttacker.Step.mean": {
            "value": 1729975.0,
            "min": 1709970.0,
            "max": 1729975.0,
            "count": 3
        },
        "DroneAttacker.Step.sum": {
            "value": 1729975.0,
            "min": 1709970.0,
            "max": 1729975.0,
            "count": 3
        },
        "DroneAttacker.Policy.ExtrinsicValueEstimate.mean": {
            "value": 363.6910705566406,
            "min": 254.72926330566406,
            "max": 363.6910705566406,
            "count": 3
        },
        "DroneAttacker.Policy.ExtrinsicValueEstimate.sum": {
            "value": 74556.671875,
            "min": 50945.8515625,
            "max": 74556.671875,
            "count": 3
        },
        "DroneAttacker.Environment.CumulativeReward.mean": {
            "value": 232.1000015991174,
            "min": -12.750493971944445,
            "max": 232.1000015991174,
            "count": 3
        },
        "DroneAttacker.Environment.CumulativeReward.sum": {
            "value": 24834.700171105564,
            "min": -1287.799891166389,
            "max": 24834.700171105564,
            "count": 3
        },
        "DroneAttacker.Policy.ExtrinsicReward.mean": {
            "value": 232.1000015991174,
            "min": -12.750493971944445,
            "max": 232.1000015991174,
            "count": 3
        },
        "DroneAttacker.Policy.ExtrinsicReward.sum": {
            "value": 24834.700171105564,
            "min": -1287.799891166389,
            "max": 24834.700171105564,
            "count": 3
        },
        "DroneAttacker.Losses.PolicyLoss.mean": {
            "value": 0.019454986322671175,
            "min": 0.019454986322671175,
            "max": 0.021065623344232638,
            "count": 2
        },
        "DroneAttacker.Losses.PolicyLoss.sum": {
            "value": 0.019454986322671175,
            "min": 0.019454986322671175,
            "max": 0.021065623344232638,
            "count": 2
        },
        "DroneAttacker.Losses.ValueLoss.mean": {
            "value": 72218.92942708333,
            "min": 72218.92942708333,
            "max": 79412.55416666667,
            "count": 2
        },
        "DroneAttacker.Losses.ValueLoss.sum": {
            "value": 72218.92942708333,
            "min": 72218.92942708333,
            "max": 79412.55416666667,