{
    "name": "root",
    "gauges": {
        "DroneDefender.Policy.Entropy.mean": {
            "value": 0.8440793752670288,
            "min": 0.8440793752670288,
            "max": 1.0468614101409912,
            "count": 471
        },
        "DroneDefender.Policy.Entropy.sum": {
            "value": 8523.513671875,
            "min": 7772.68359375,
            "max": 11596.150390625,
            "count": 471
        },
        "DroneDefender.Environment.EpisodeLength.mean": {
            "value": 1336.3333333333333,
            "min": 31.0,
            "max": 1999.0,
            "count": 428
        },
        "DroneDefender.Environment.EpisodeLength.sum": {
            "value": 24054.0,
            "min": 31.0,
            "max": 48747.0,
            "count": 428
        },
        "DroneDefender.Step.mean": {
            "value": 4709969.0,
            "min": 9999.0,
            "max": 4709969.0,
            "count": 471
        },
        "DroneDefender.Step.sum": {
            "value": 4709969.0,
            "min": 9999.0,
            "max": 4709969.0,
            "count": 471
        },
        "DroneDefender.Policy.ExtrinsicValueEstimate.mean": {
            "value": 356.1126403808594,
            "min": -5304.42919921875,
            "max": 497.7241516113281,
            "count": 471
        },
        "DroneDefender.Policy.ExtrinsicValueEstimate.sum": {
            "value": 55553.57421875,
            "min": -1474631.375,
            "max": 81796.1171875,
            "count": 471
        },
        "DroneDefender.Environment.CumulativeReward.mean": {
            "value": 5224.983918931749,
            "min": 38.240516662597656,
            "max": 9900.384426116943,
            "count": 428
        },
        "DroneDefender.Environment.CumulativeReward.sum": {
            "value": 94049.71054077148,
            "min": 38.240516662597656,
            "max": 239062.94935798645,
            "count": 428
        },
        "DroneDefender.Policy.ExtrinsicReward.mean": {
            "value": 5224.983918931749,
            "min": 38.240516662597656,
            "max": 9900.384426116943,
            "count": 428
        },
        "DroneDefender.Policy.ExtrinsicReward.sum": {
            "value": 94049.71054077148,
            "min": 38.240516662597656,
            "max": 239062.94935798645,
            "count": 428
        },
        "DroneDefender.IsTraining.mean": {
            "value": 1.0,
            "min": 1.0,
            "max": 1.0,
            "count": 471
        },
        "DroneDefender.IsTraining.sum": {
            "value": 1.0,
            "min": 1.0,
            "max": 1.0,
            "count": 471
        },
        "DroneDefender.Losses.PolicyLoss.mean": {
            "value": 0.026178484410047533,
            "min": 0.014760872644061843,
            "max": 0.03317895603055755,
            "count": 453
        },
        "DroneDefender.Losses.PolicyLoss.sum": {
            "value": 0.026178484410047533,
            "min": 0.014760872644061843,
            "max": 0.03317895603055755,
            "count": 453
        },
        "DroneDefender.Losses.ValueLoss.mean": {
            "value": 124.63153127034505,
            "min": 55.06365547180176,
            "max": 5705757.4,
            "count": 453
        },
        "DroneDefender.Losses.ValueLoss.sum": {
            "value": 124.63153127034505,
            "min": 55.06365547180176,
            "max": 5705757.4,
            "count": 453
        },
        "DroneDefender.Policy.LearningRate.mean": {
            "value": 0.00029858977457007516,
            "min": 0.00029858977457007516,
            "max": 0.0002999968869010376,
            "count": 453
        },
        "DroneDefender.Policy.LearningRate.sum": {
            "value": 0.00029858977457007516,
            "min": 0.00029858977457007516,
            "max": 0.0002999968869010376,
            "count": 453
        },
        "DroneDefender.Policy.Epsilon.mean": {
            "value": 0.19952992470000008,
            "min": 0.19952992470000008,
            "max": 0.1999989623000001,
            "count": 453
        },
        "DroneDefender.Policy.Epsilon.sum": {
            "value": 0.19952992470000008,
            "min": 0.19952992470000008,
            "max": 0.1999989623000001,
            "count": 453
        },
        "DroneDefender.Policy.Beta.mean": {
            "value": 0.0004976966310299999,
            "min": 0.0004976966310299999,
            "max": 0.0004999949152700001,
            "count": 453
        },
        "DroneDefender.Policy.Beta.sum": {
            "value": 0.0004976966310299999,
            "min": 0.0004976966310299999,
            "max": 0.0004999949152700001,
            "count": 453
        },
        "DroneAttacker.Policy.Entropy.mean": {
            "value": 1.1345844268798828,
            "min": 1.1345844268798828,
            "max": 1.2193204164505005,
            "count": 78
        },
        "DroneAttacker.Policy.Entropy.sum": {
            "value": 11181.330078125,
            "min": 11181.330078125,
            "max": 12466.33203125,
            "count": 78
        },
        "DroneAttacker.Environment.EpisodeLength.mean": {
            "value": 1166.7142857142858,
            "min": 53.55434782608695,
            "max": 1999.0,
            "count": 78
        },
        "DroneAttacker.Environment.EpisodeLength.sum": {
            "value": 8167.0,
            "min": 6113.0,
            "max": 14518.0,
            "count": 78
        },
        "DroneAttacker.Step.mean": {
            "value": 779944.0,
            "min": 9972.0,
            "max": 779944.0,
            "count": 78
        },
        "DroneAttacker.Step.sum": {
            "value": 779944.0,
            "min": 9972.0,
            "max": 779944.0,
            "count": 78
        },
        "DroneAttacker.Policy.ExtrinsicValueEstimate.mean": {
            "value": -994.0730590820312,
            "min": -994.0730590820312,
            "max": 54609.8046875,
            "count": 78
        },
        "DroneAttacker.Policy.ExtrinsicValueEstimate.sum": {
            "value": -159051.6875,
            "min": -159051.6875,
            "max": 13761671.0,
            "count": 78
        },
        "DroneAttacker.Environment.CumulativeReward.mean": {
            "value": -1245.6092591966901,
            "min": -2252.774305343628,
            "max": 652.2646323959033,
            "count": 78
        },
        "DroneAttacker.Environment.CumulativeReward.sum": {
            "value": -8719.264814376831,
            "min": -16763.264558315277,
            "max": 99511.79393577576,
            "count": 78
        },
        "DroneAttacker.Policy.ExtrinsicReward.mean": {
            "value": -1245.6092591966901,
            "min": -2252.774305343628,
            "max": 652.2646323959033,
            "count": 78
        },
        "DroneAttacker.Policy.ExtrinsicReward.sum": {
            "value": -8719.264814376831,
            "min": -16763.264558315277,
            "max": 99511.79393577576,
            "count": 78
        },
        "DroneAttacker.IsTraining.mean": {
            "value": 1.0,
            "min": 1.0,
            "max": 1.0,
            "count": 78
        },
        "DroneAttacker.IsTraining.sum": {
            "value": 1.0,
            "min": 1.0,
            "max": 1.0,
            "count": 78
        },
        "DroneAttacker.Losses.PolicyLoss.mean": {
            "value": 0.02463156613521278,
            "min": 0.015888168352345626,
            "max": 0.031921459998314576,
            "count": 75
        },
        "DroneAttacker.Losses.PolicyLoss.sum": {
            "value": 0.02463156613521278,
            "min": 0.015888168352345626,
            "max": 0.031921459998314576,
            "count": 75
        },
        "DroneAttacker.Losses.ValueLoss.mean": {
            "value": 1276140.7875,
            "min": 904706.6729166667,
            "max": 577244627.2,
            "count": 75
        },