{
    "name": "root",
    "gauges": {
        "DroneDefender.Policy.Entropy.mean": {
            "value": 1.3678275346755981,
            "min": 1.2412010431289673,
            "max": 1.3678275346755981,
            "count": 210
        },
        "DroneDefender.Policy.Entropy.sum": {
            "value": 13295.2841796875,
            "min": 11259.8095703125,
            "max": 14795.125,
            "count": 210
        },
        "DroneDefender.Environment.EpisodeLength.mean": {
            "value": 56.59537572254335,
            "min": 33.413284132841326,
            "max": 77.14189189189189,
            "count": 210
        },
        "DroneDefender.Environment.EpisodeLength.sum": {
            "value": 9791.0,
            "min": 7755.0,
            "max": 11417.0,
            "count": 210
        },
        "DroneDefender.Step.mean": {
            "value": 4779987.0,
            "min": 2689994.0,
            "max": 4779987.0,
            "count": 210
        },
        "DroneDefender.Step.sum": {
            "value": 4779987.0,
            "min": 2689994.0,
            "max": 4779987.0,
            "count": 210
        },
        "DroneDefender.Policy.ExtrinsicValueEstimate.mean": {
            "value": -4940.66015625,
            "min": -4946.841796875,
            "max": 11965.8359375,
            "count": 210
        },
        "DroneDefender.Policy.ExtrinsicValueEstimate.sum": {
            "value": -1274690.375,
            "min": -1305483.625,
            "max": 3577785.0,
            "count": 210
        },
        "DroneDefender.Environment.CumulativeReward.mean": {
            "value": -150073.80509676135,
            "min": -325866.6063822266,
            "max": -102175.22337595906,
            "count": 210
        },
        "DroneDefender.Environment.CumulativeReward.sum": {
            "value": -25962768.28173971,
            "min": -80561996.06118011,
            "max": -17165437.52716112,
            "count": 210
        },
        "DroneDefender.Policy.ExtrinsicReward.mean": {
            "value": -150073.80509676135,
            "min": -325866.6063822266,
            "max": -102175.22337595906,
            "count": 210
        },
        "DroneDefender.Policy.ExtrinsicReward.sum": {
            "value": -25962768.28173971,
            "min": -80561996.06118011,
            "max": -17165437.52716112,
            "count": 210
        },
        "DroneDefender.IsTraining.mean": {
            "value": 1.0,
            "min": 1.0,
            "max": 1.0,
            "count": 210
        },
        "DroneDefender.IsTraining.sum": {
            "value": 1.0,
            "min": 1.0,
            "max": 1.0,
            "count": 210
        },
        "DroneDefender.Losses.PolicyLoss.mean": {
            "value": 0.024725161857592562,
            "min": 0.016472917112211386,
            "max": 0.0324141307733953,
            "count": 202
        },
        "DroneDefender.Losses.PolicyLoss.sum": {
            "value": 0.024725161857592562,
            "min": 0.016472917112211386,
            "max": 0.0324141307733953,
            "count": 202
        },
        "DroneDefender.Losses.ValueLoss.mean": {
            "value": 13206116932.266666,
            "min": 7595048789.333333,
            "max": 61545427626.666664,
            "count": 202
        },
        "DroneDefender.Losses.ValueLoss.sum": {
            "value": 13206116932.266666,
            "min": 7595048789.333333,
            "max": 61545427626.666664,
            "count": 202
        },
        "DroneDefender.Policy.LearningRate.mean": {
            "value": 0.00029856748007750674,
            "min": 0.00029856748007750674,
            "max": 0.0002991928349690551,
            "count": 202
        },
        "DroneDefender.Policy.LearningRate.sum": {
            "value": 0.00029856748007750674,
            "min": 0.00029856748007750674,
            "max": 0.0002991928349690551,
            "count": 202
        },
        "DroneDefender.Policy.Epsilon.mean": {
            "value": 0.19952249319999998,
            "min": 0.19952249319999998,
            "max": 0.19973094489999996,
            "count": 202
        },
        "DroneDefender.Policy.Epsilon.sum": {
            "value": 0.19952249319999998,
            "min": 0.19952249319999998,
            "max": 0.19973094489999996,
            "count": 202
        },
        "DroneDefender.Policy.Beta.mean": {
            "value": 0.0004976602166800001,
            "min": 0.0004976602166800001,
            "max": 0.00049868163001,
            "count": 202
        },
        "DroneDefender.Policy.Beta.sum": {
            "value": 0.0004976602166800001,
            "min": 0.0004976602166800001,
            "max": 0.00049868163001,
            "count": 202
        },
        "DroneAttacker.Policy.Entropy.mean": {
            "value": 1.220692753791809,
            "min": 1.220692753791809,
            "max": 1.242431640625,
            "count": 35
        },
        "DroneAttacker.Policy.Entropy.sum": {
            "value": 12194.720703125,
            "min": 12011.2021484375,
            "max": 12788.8994140625,
            "count": 35
        },
        "DroneAttacker.Environment.EpisodeLength.mean": {
            "value": 67.81506849315069,
            "min": 45.142857142857146,
            "max": 74.71969696969697,
            "count": 35
        },
        "DroneAttacker.Environment.EpisodeLength.sum": {
            "value": 9901.0,
            "min": 9497.0,
            "max": 10152.0,
            "count": 35
        },
        "DroneAttacker.Step.mean": {
            "value": 3029996.0,
            "min": 2689978.0,
            "max": 3029996.0,
            "count": 35
        },
        "DroneAttacker.Step.sum": {
            "value": 3029996.0,
            "min": 2689978.0,
            "max": 3029996.0,
            "count": 35
        },
        "DroneAttacker.Policy.ExtrinsicValueEstimate.mean": {
            "value": 33537.76953125,
            "min": 1159.044677734375,
            "max": 37170.97265625,
            "count": 35
        },
        "DroneAttacker.Policy.ExtrinsicValueEstimate.sum": {
            "value": 7847838.0,
            "min": 312942.0625,
            "max": 8400640.0,
            "count": 35
        },
        "DroneAttacker.Environment.CumulativeReward.mean": {
            "value": 7323.014283898759,
            "min": -82708.16637885684,
            "max": 19058.41264836591,
            "count": 35
        },
        "DroneAttacker.Environment.CumulativeReward.sum": {
            "value": 1069160.0854492188,
            "min": -17368714.939559937,
            "max": 2534768.882232666,
            "count": 35
        },
        "DroneAttacker.Policy.ExtrinsicReward.mean": {
            "value": 7323.014283898759,
            "min": -82708.16637885684,
            "max": 19058.41264836591,
            "count": 35
        },
        "DroneAttacker.Policy.ExtrinsicReward.sum": {
            "value": 1069160.0854492188,
            "min": -17368714.939559937,
            "max": 2534768.882232666,
            "count": 35
        },
        "DroneAttacker.IsTraining.mean": {
            "value": 1.0,
            "min": 1.0,
            "max": 1.0,
            "count": 35
        },
        "DroneAttacker.IsTraining.sum": {
            "value": 1.0,
            "min": 1.0,
            "max": 1.0,
            "count": 35
        },
        "DroneAttacker.Losses.PolicyLoss.mean": {
            "value": 0.024380245866874855,
            "min": 0.018393500025073686,
            "max": 0.03261844261238973,
            "count": 34
        },
        "DroneAttacker.Losses.PolicyLoss.sum": {
            "value": 0.024380245866874855,
            "min": 0.018393500025073686,
            "max": 0.03261844261238973,
            "count": 34
        },
        "DroneAttacker.Losses.ValueLoss.mean": {
            "value": 774032443.7333333,
            "min": 615261344.0,
            "max": 1565837853.8666666,