{
    "name": "root",
    "gauges": {
        "DroneDefender.Policy.Entropy.mean": {
            "value": 0.2676280438899994,
            "min": 0.2676280438899994,
            "max": 0.31509512662887573,
            "count": 35
        },
        "DroneDefender.Policy.Entropy.sum": {
            "value": 3023.39404296875,
            "min": 2454.771240234375,
            "max": 3677.16015625,
            "count": 35
        },
        "DroneDefender.Environment.EpisodeLength.mean": {
            "value": 93.09401709401709,
            "min": 52.66233766233766,
            "max": 113.55963302752293,
            "count": 35
        },
        "DroneDefender.Environment.EpisodeLength.sum": {
            "value": 10892.0,
            "min": 4055.0,
            "max": 12378.0,
            "count": 35
        },
        "DroneDefender.Step.mean": {
            "value": 349960.0,
            "min": 9956.0,
            "max": 349960.0,
            "count": 35
        },
        "DroneDefender.Step.sum": {
            "value": 349960.0,
            "min": 9956.0,
            "max": 349960.0,
            "count": 35
        },
        "DroneDefender.Policy.ExtrinsicValueEstimate.mean": {
            "value": 18.00918197631836,
            "min": -415.7607727050781,
            "max": 42.192256927490234,
            "count": 35
        },
        "DroneDefender.Policy.ExtrinsicValueEstimate.sum": {
            "value": 3781.92822265625,
            "min": -84815.1953125,
            "max": 8773.8505859375,
            "count": 35
        },
        "DroneDefender.Environment.CumulativeReward.mean": {
            "value": 102.24409297563263,
            "min": -133.00540920722582,
            "max": 166.60501533679746,
            "count": 35
        },
        "DroneDefender.Environment.CumulativeReward.sum": {
            "value": 12064.802971124649,
            "min": -16093.654514074326,
            "max": 16051.054280519485,
            "count": 35
        },
        "DroneDefender.Policy.ExtrinsicReward.mean": {
            "value": 102.24409297563263,
            "min": -133.00540920722582,
            "max": 166.60501533679746,
            "count": 35
        },
        "DroneDefender.Policy.ExtrinsicReward.sum": {
            "value": 12064.802971124649,
            "min": -16093.654514074326,
            "max": 16051.054280519485,
            "count": 35
        },
        "DroneDefender.IsTraining.mean": {
            "value": 1.0,
            "min": 1.0,
            "max": 1.0,
            "count": 35
        },
        "DroneDefender.IsTraining.sum": {
            "value": 1.0,
            "min": 1.0,
            "max": 1.0,
            "count": 35
        },
        "DroneDefender.Losses.PolicyLoss.mean": {
            "value": 0.01831607682009538,
            "min": 0.01831607682009538,
            "max": 0.032445952637741964,
            "count": 33
        },
        "DroneDefender.Losses.PolicyLoss.sum": {
            "value": 0.01831607682009538,
            "min": 0.01831607682009538,
            "max": 0.032445952637741964,
            "count": 33
        },
        "DroneDefender.Losses.ValueLoss.mean": {
            "value": 11757.612434895833,
            "min": 7819.821142578125,
            "max": 24530.169075520833,
            "count": 33
        },
        "DroneDefender.Losses.ValueLoss.sum": {
            "value": 11757.612434895833,
            "min": 7819.821142578125,
            "max": 24530.169075520833,
            "count": 33
        },
        "DroneDefender.Policy.LearningRate.mean": {
            "value": 0.0003,
            "min": 0.0003,
            "max": 0.0003,
            "count": 33
        },
        "DroneDefender.Policy.LearningRate.sum": {
            "value": 0.0003,
            "min": 0.0003,
            "max": 0.0003,
            "count": 33
        },
        "DroneDefender.Policy.Epsilon.mean": {
            "value": 0.30000000000000004,
            "min": 0.30000000000000004,
            "max": 0.30000000000000004,
            "count": 33
        },
        "DroneDefender.Policy.Epsilon.sum": {
            "value": 0.30000000000000004,
            "min": 0.30000000000000004,
            "max": 0.30000000000000004,
            "count": 33
        },
        "DroneDefender.Policy.Beta.mean": {
            "value": 0.0009966011716000002,
            "min": 0.0009966011716000002,
            "max": 0.000999894466,
            "count": 33
        },
        "DroneDefender.Policy.Beta.sum": {
            "value": 0.0009966011716000002,
            "min": 0.0009966011716000002,
            "max": 0.000999894466,
            "count": 33
        },
        "DroneAttacker.Policy.Entropy.mean": {
            "value": -0.11768367141485214,
            "min": -0.11914926022291183,
            "max": -0.11603233218193054,
            "count": 6
        },
        "DroneAttacker.Policy.Entropy.sum": {
            "value": -1158.00732421875,
            "min": -1225.3013916015625,
            "max": -1158.00732421875,
            "count": 6
        },
        "DroneAttacker.Environment.EpisodeLength.mean": {
            "value": 96.76699029126213,
            "min": 91.87037037037037,
            "max": 96.76699029126213,
            "count": 6
        },
        "DroneAttacker.Environment.EpisodeLength.sum": {
            "value": 9967.0,
            "min": 9555.0,
            "max": 9967.0,
            "count": 6
        },
        "DroneAttacker.Step.mean": {
            "value": 59947.0,
            "min": 9978.0,
            "max": 59947.0,
            "count": 6
        },
        "DroneAttacker.Step.sum": {
            "value": 59947.0,
            "min": 9978.0,
            "max": 59947.0,
            "count": 6
        },
        "DroneAttacker.Policy.ExtrinsicValueEstimate.mean": {
            "value": 210.48046875,
            "min": 73.61114501953125,
            "max": 210.48046875,
            "count": 6
        },
        "DroneAttacker.Policy.ExtrinsicValueEstimate.sum": {
            "value": 43148.49609375,
            "min": 14648.6171875,
            "max": 43148.49609375,
            "count": 6
        },
        "DroneAttacker.Environment.CumulativeReward.mean": {
            "value": 203.88349514563106,
            "min": -85.71428571428571,
            "max": 203.88349514563106,
            "count": 6
        },
        "DroneAttacker.Environment.CumulativeReward.sum": {
            "value": 21000.0,
            "min": -9000.0,
            "max": 21000.0,
            "count": 6
        },
        "DroneAttacker.Policy.ExtrinsicReward.mean": {
            "value": 203.88349514563106,
            "min": -85.71428571428571,
            "max": 203.88349514563106,
            "count": 6
        },
        "DroneAttacker.Policy.ExtrinsicReward.sum": {
            "value": 21000.0,
            "min": -9000.0,
            "max": 21000.0,
            "count": 6
        },
        "DroneAttacker.IsTraining.mean": {
            "value": 1.0,
            "min": 1.0,
            "max": 1.0,
            "count": 6
        },
        "DroneAttacker.IsTraining.sum": {
            "value": 1.0,
            "min": 1.0,
            "max": 1.0,
            "count": 6
        },
        "DroneAttacker.Losses.PolicyLoss.mean": {
            "value": 0.01902419774172207,
            "min": 0.01902419774172207,
            "max": 0.028392686578445136,
            "count": 5
        },
        "DroneAttacker.Losses.PolicyLoss.sum": {
            "value": 0.01902419774172207,
            "min": 0.01902419774172207,
            "max": 0.028392686578445136,
            "count": 5
        },
        "DroneAttacker.Losses.ValueLoss.mean": {
            "value": 53001.40533854167,
            "min": 47318.328125,
            "max": 53735.38203125,
            "count": 5
        },
        "DroneAttacker.Losses.ValueLoss.sum": {
            "value": 53001.40533854167,
            "min": 47318.328125,