{
    "name": "root",
    "gauges": {
        "DroneDefender.Policy.Entropy.mean": {
            "value": 1.0420647859573364,
            "min": 1.0420647859573364,
            "max": 1.242431640625,
            "count": 236
        },
        "DroneDefender.Policy.Entropy.sum": {
            "value": 9734.9697265625,
            "min": 9607.208984375,
            "max": 14827.1796875,
            "count": 236
        },
        "DroneDefender.Environment.EpisodeLength.mean": {
            "value": 57.626506024096386,
            "min": 39.476190476190474,
            "max": 65.65189873417721,
            "count": 236
        },
        "DroneDefender.Environment.EpisodeLength.sum": {
            "value": 9566.0,
            "min": 8205.0,
            "max": 11372.0,
            "count": 236
        },
        "DroneDefender.Step.mean": {
            "value": 5039980.0,
            "min": 2689987.0,
            "max": 5039980.0,
            "count": 236
        },
        "DroneDefender.Step.sum": {
            "value": 5039980.0,
            "min": 2689987.0,
            "max": 5039980.0,
            "count": 236
        },
        "DroneDefender.Policy.ExtrinsicValueEstimate.mean": {
            "value": -5301.32958984375,
            "min": -5301.32958984375,
            "max": 22500.99609375,
            "count": 236
        },
        "DroneDefender.Policy.ExtrinsicValueEstimate.sum": {
            "value": -1383647.0,
            "min": -1501991.875,
            "max": 6930307.0,
            "count": 236
        },
        "DroneDefender.Environment.CumulativeReward.mean": {
            "value": -74698.7951807229,
            "min": -100000.0,
            "max": -41176.470588235294,
            "count": 236
        },
        "DroneDefender.Environment.CumulativeReward.sum": {
            "value": -12400000.0,
            "min": -18600000.0,
            "max": -7900000.0,
            "count": 236
        },
        "DroneDefender.Policy.ExtrinsicReward.mean": {
            "value": -74698.7951807229,
            "min": -100000.0,
            "max": -41176.470588235294,
            "count": 236
        },
        "DroneDefender.Policy.ExtrinsicReward.sum": {
            "value": -12400000.0,
            "min": -18600000.0,
            "max": -7900000.0,
            "count": 236
        },
        "DroneDefender.IsTraining.mean": {
            "value": 1.0,
            "min": 1.0,
            "max": 1.0,
            "count": 236
        },
        "DroneDefender.IsTraining.sum": {
            "value": 1.0,
            "min": 1.0,
            "max": 1.0,
            "count": 236
        },
        "DroneDefender.Losses.PolicyLoss.mean": {
            "value": 0.02240786710754037,
            "min": 0.01483161182453235,
            "max": 0.03373581175692379,
            "count": 227
        },
        "DroneDefender.Losses.PolicyLoss.sum": {
            "value": 0.02240786710754037,
            "min": 0.01483161182453235,
            "max": 0.03373581175692379,
            "count": 227
        },
        "DroneDefender.Losses.ValueLoss.mean": {
            "value": 900047786.6666666,
            "min": 551114276.2666667,
            "max": 1849741883.7333333,
            "count": 227
        },
        "DroneDefender.Losses.ValueLoss.sum": {
            "value": 900047786.6666666,
            "min": 551114276.2666667,
            "max": 1849741883.7333333,
            "count": 227
        },
        "DroneDefender.Policy.LearningRate.mean": {
            "value": 0.0002984894729035091,
            "min": 0.0002984894729035091,
            "max": 0.00029919280916906367,
            "count": 227
        },
        "DroneDefender.Policy.LearningRate.sum": {
            "value": 0.0002984894729035091,
            "min": 0.0002984894729035091,
            "max": 0.00029919280916906367,
            "count": 227
        },
        "DroneDefender.Policy.Epsilon.mean": {
            "value": 0.19949649079999995,
            "min": 0.19949649079999995,
            "max": 0.1997309363,
            "count": 227
        },
        "DroneDefender.Policy.Epsilon.sum": {
            "value": 0.19949649079999995,
            "min": 0.19949649079999995,
            "max": 0.1997309363,
            "count": 227
        },
        "DroneDefender.Policy.Beta.mean": {
            "value": 0.0004975328049200001,
            "min": 0.0004975328049200001,
            "max": 0.00049868158787,
            "count": 227
        },
        "DroneDefender.Policy.Beta.sum": {
            "value": 0.0004975328049200001,
            "min": 0.0004975328049200001,
            "max": 0.00049868158787,
            "count": 227
        },
        "DroneAttacker.Policy.Entropy.mean": {
            "value": 1.2195943593978882,
            "min": 1.2195943593978882,
            "max": 1.242431640625,
            "count": 39
        },
        "DroneAttacker.Policy.Entropy.sum": {
            "value": 12260.58203125,
            "min": 12121.2109375,
            "max": 12769.712890625,
            "count": 39
        },
        "DroneAttacker.Environment.EpisodeLength.mean": {
            "value": 68.7394366197183,
            "min": 64.3841059602649,
            "max": 72.68148148148148,
            "count": 39
        },
        "DroneAttacker.Environment.EpisodeLength.sum": {
            "value": 9761.0,
            "min": 9495.0,
            "max": 9998.0,
            "count": 39
        },
        "DroneAttacker.Step.mean": {
            "value": 3069981.0,
            "min": 2689939.0,
            "max": 3069981.0,
            "count": 39
        },
        "DroneAttacker.Step.sum": {
            "value": 3069981.0,
            "min": 2689939.0,
            "max": 3069981.0,
            "count": 39
        },
        "DroneAttacker.Policy.ExtrinsicValueEstimate.mean": {
            "value": 60263.02734375,
            "min": 12813.2939453125,
            "max": 63449.60546875,
            "count": 39
        },
        "DroneAttacker.Policy.ExtrinsicValueEstimate.sum": {
            "value": 15487598.0,
            "min": 3177697.0,
            "max": 16511818.0,
            "count": 39
        },
        "DroneAttacker.Environment.CumulativeReward.mean": {
            "value": 51517.073856807256,
            "min": -30575.26635568553,
            "max": 66451.96606807002,
            "count": 39
        },
        "DroneAttacker.Environment.CumulativeReward.sum": {
            "value": 7366941.5615234375,
            "min": -4433413.621574402,
            "max": 9377544.350097656,
            "count": 39
        },
        "DroneAttacker.Policy.ExtrinsicReward.mean": {
            "value": 51517.073856807256,
            "min": -30575.26635568553,
            "max": 66451.96606807002,
            "count": 39
        },
        "DroneAttacker.Policy.ExtrinsicReward.sum": {
            "value": 7366941.5615234375,
            "min": -4433413.621574402,
            "max": 9377544.350097656,
            "count": 39
        },
        "DroneAttacker.IsTraining.mean": {
            "value": 1.0,
            "min": 1.0,
            "max": 1.0,
            "count": 39
        },
        "DroneAttacker.IsTraining.sum": {
            "value": 1.0,
            "min": 1.0,
            "max": 1.0,
            "count": 39
        },
        "DroneAttacker.Losses.PolicyLoss.mean": {
            "value": 0.02776896880629162,
            "min": 0.01841653898979227,
            "max": 0.03163384205351273,
            "count": 37
        },
        "DroneAttacker.Losses.PolicyLoss.sum": {
            "value": 0.02776896880629162,
            "min": 0.01841653898979227,
            "max": 0.03163384205351273,
            "count": 37
        },
        "DroneAttacker.Losses.ValueLoss.mean": {
            "value": 418365778.1333333,
            "min": 366386857.06666666,
            "max": 1016283234.1333333,
            "count": 37
        },