{
    "name": "root",
    "gauges": {
        "DroneDefender.Policy.Entropy.mean": {
            "value": 0.10148008167743683,
            "min": 0.019201133400201797,
            "max": 0.10225560516119003,
            "count": 26
        },
        "DroneDefender.Policy.Entropy.sum": {
            "value": 1035.7056884765625,
            "min": 219.8145751953125,
            "max": 1052.976806640625,
            "count": 26
        },
        "DroneDefender.Environment.EpisodeLength.mean": {
            "value": 251.3953488372093,
            "min": 69.48648648648648,
            "max": 299.66,
            "count": 26
        },
        "DroneDefender.Environment.EpisodeLength.sum": {
            "value": 10810.0,
            "min": 5142.0,
            "max": 14983.0,
            "count": 26
        },
        "DroneDefender.Step.mean": {
            "value": 259976.0,
            "min": 9952.0,
            "max": 259976.0,
            "count": 26
        },
        "DroneDefender.Step.sum": {
            "value": 259976.0,
            "min": 9952.0,
            "max": 259976.0,
            "count": 26
        },
        "DroneDefender.Policy.ExtrinsicValueEstimate.mean": {
            "value": -3777.82421875,
            "min": -15879.9658203125,
            "max": -1310.2779541015625,
            "count": 26
        },
        "DroneDefender.Policy.ExtrinsicValueEstimate.sum": {
            "value": -687564.0,
            "min": -3223633.0,
            "max": -238470.578125,
            "count": 26
        },
        "DroneDefender.Environment.CumulativeReward.mean": {
            "value": -35203.25581395349,
            "min": -41085.0,
            "max": -17009.18918918919,
            "count": 26
        },
        "DroneDefender.Environment.CumulativeReward.sum": {
            "value": -1513740.0,
            "min": -2136420.0,
            "max": -869580.0,
            "count": 26
        },
        "DroneDefender.Policy.ExtrinsicReward.mean": {
            "value": -35203.25581395349,
            "min": -41085.0,
            "max": -17009.18918918919,
            "count": 26
        },
        "DroneDefender.Policy.ExtrinsicReward.sum": {
            "value": -1513740.0,
            "min": -2136420.0,
            "max": -869580.0,
            "count": 26
        },
        "DroneDefender.IsTraining.mean": {
            "value": 1.0,
            "min": 1.0,
            "max": 1.0,
            "count": 26
        },
        "DroneDefender.IsTraining.sum": {
            "value": 1.0,
            "min": 1.0,
            "max": 1.0,
            "count": 26
        },
        "DroneDefender.Losses.PolicyLoss.mean": {
            "value": 0.02071784728517135,
            "min": 0.02071784728517135,
            "max": 0.20384959081808726,
            "count": 25
        },
        "DroneDefender.Losses.PolicyLoss.sum": {
            "value": 0.02071784728517135,
            "min": 0.02071784728517135,
            "max": 0.20384959081808726,
            "count": 25
        },
        "DroneDefender.Losses.ValueLoss.mean": {
            "value": 21739152.266666666,
            "min": 21739152.266666666,
            "max": 769681245.8666667,
            "count": 25
        },
        "DroneDefender.Losses.ValueLoss.sum": {
            "value": 21739152.266666666,
            "min": 21739152.266666666,
            "max": 769681245.8666667,
            "count": 25
        },
        "DroneDefender.Policy.LearningRate.mean": {
            "value": 0.0002999227488257505,
            "min": 0.0002999227488257505,
            "max": 0.00029999692110102625,
            "count": 25
        },
        "DroneDefender.Policy.LearningRate.sum": {
            "value": 0.0002999227488257505,
            "min": 0.0002999227488257505,
            "max": 0.00029999692110102625,
            "count": 25
        },
        "DroneDefender.Policy.Epsilon.mean": {
            "value": 0.19997424960000007,
            "min": 0.19997424960000007,
            "max": 0.19999897369999994,
            "count": 25
        },
        "DroneDefender.Policy.Epsilon.sum": {
            "value": 0.19997424960000007,
            "min": 0.19997424960000007,
            "max": 0.19999897369999994,
            "count": 25
        },
        "DroneDefender.Policy.Beta.mean": {
            "value": 0.0004998738230400002,
            "min": 0.0004998738230400002,
            "max": 0.0004999949711299999,
            "count": 25
        },
        "DroneDefender.Policy.Beta.sum": {
            "value": 0.0004998738230400002,
            "min": 0.0004998738230400002,
            "max": 0.0004999949711299999,
            "count": 25
        },
        "DroneAttacker.Policy.Entropy.mean": {
            "value": 0.041063953191041946,
            "min": 0.019201133400201797,
            "max": 0.041063953191041946,
            "count": 4
        },
        "DroneAttacker.Policy.Entropy.sum": {
            "value": 408.0114440917969,
            "min": 195.79396057128906,
            "max": 408.0114440917969,
            "count": 4
        },
        "DroneAttacker.Environment.EpisodeLength.mean": {
            "value": 54.97701149425287,
            "min": 49.14070351758794,
            "max": 54.97701149425287,
            "count": 4
        },
        "DroneAttacker.Environment.EpisodeLength.sum": {
            "value": 9566.0,
            "min": 9566.0,
            "max": 9970.0,
            "count": 4
        },
        "DroneAttacker.Step.mean": {
            "value": 39975.0,
            "min": 9942.0,
            "max": 39975.0,
            "count": 4
        },
        "DroneAttacker.Step.sum": {
            "value": 39975.0,
            "min": 9942.0,
            "max": 39975.0,
            "count": 4
        },
        "DroneAttacker.Policy.ExtrinsicValueEstimate.mean": {
            "value": -11367.046875,
            "min": -11367.046875,
            "max": -7072.85888671875,
            "count": 4
        },
        "DroneAttacker.Policy.ExtrinsicValueEstimate.sum": {
            "value": -2932698.0,
            "min": -2932698.0,
            "max": -1882659.0,
            "count": 4
        },
        "DroneAttacker.Environment.CumulativeReward.mean": {
            "value": -15537.586206896553,
            "min": -15537.586206896553,
            "max": -14974.773869346735,
            "count": 4
        },
        "DroneAttacker.Environment.CumulativeReward.sum": {
            "value": -2703540.0,
            "min": -2979980.0,
            "max": -2703540.0,
            "count": 4
        },
        "DroneAttacker.Policy.ExtrinsicReward.mean": {
            "value": -15537.586206896553,
            "min": -15537.586206896553,
            "max": -14974.773869346735,
            "count": 4
        },
        "DroneAttacker.Policy.ExtrinsicReward.sum": {
            "value": -2703540.0,
            "min": -2979980.0,
            "max": -2703540.0,
            "count": 4
        },
        "DroneAttacker.IsTraining.mean": {
            "value": 1.0,
            "min": 1.0,
            "max": 1.0,
            "count": 4
        },
        "DroneAttacker.IsTraining.sum": {
            "value": 1.0,
            "min": 1.0,
            "max": 1.0,
            "count": 4
        },
        "DroneAttacker.Losses.PolicyLoss.mean": {
            "value": 0.10145472586154938,
            "min": 0.10145472586154938,
            "max": 0.25620180517435076,
            "count": 3
        },
        "DroneAttacker.Losses.PolicyLoss.sum": {
            "value": 0.10145472586154938,
            "min": 0.10145472586154938,
            "max": 0.25620180517435076,
            "count": 3
        },
        "DroneAttacker.Losses.ValueLoss.mean": {
            "value": 149693450.4,
            "min": 149693450.4,
            "max": 432508297.6,
            "count": 3
        },
        "DroneAttacker.Losses.ValueLoss.sum": {
            "value": 149693450.4,
            "min": 149693450.4,