{
    "name": "root",
    "gauges": {
        "DroneDefender.Policy.Entropy.mean": {
            "value": -1.4438174962997437,
            "min": -1.4438174962997437,
            "max": 0.41436678171157837,
            "count": 5832
        },
        "DroneDefender.Policy.Entropy.sum": {
            "value": -14891.533203125,
            "min": -15518.78125,
            "max": 4830.99365234375,
            "count": 5832
        },
        "DroneDefender.Environment.EpisodeLength.mean": {
            "value": 1847.2307692307693,
            "min": 6.0,
            "max": 1999.0,
            "count": 3919
        },
        "DroneDefender.Environment.EpisodeLength.sum": {
            "value": 48028.0,
            "min": 6.0,
            "max": 49305.0,
            "count": 3919
        },
        "DroneDefender.Step.mean": {
            "value": 58319994.0,
            "min": 9954.0,
            "max": 58319994.0,
            "count": 5832
        },
        "DroneDefender.Step.sum": {
            "value": 58319994.0,
            "min": 9954.0,
            "max": 58319994.0,
            "count": 5832
        },
        "DroneDefender.Policy.ExtrinsicValueEstimate.mean": {
            "value": -0.31854572892189026,
            "min": -456.2742004394531,
            "max": 18.4636173248291,
            "count": 5832
        },
        "DroneDefender.Policy.ExtrinsicValueEstimate.sum": {
            "value": -50.011680603027344,
            "min": -88060.921875,
            "max": 3101.8876953125,
            "count": 5832
        },
        "DroneDefender.Environment.CumulativeReward.mean": {
            "value": -76.92307692307692,
            "min": -1000.0,
            "max": 0.0,
            "count": 3930
        },
        "DroneDefender.Environment.CumulativeReward.sum": {
            "value": -2000.0,
            "min": -25000.0,
            "max": 0.0,
            "count": 3930
        },
        "DroneDefender.Policy.ExtrinsicReward.mean": {
            "value": -76.92307692307692,
            "min": -1000.0,
            "max": 0.0,
            "count": 3930
        },
        "DroneDefender.Policy.ExtrinsicReward.sum": {
            "value": -2000.0,
            "min": -25000.0,
            "max": 0.0,
            "count": 3930
        },
        "DroneDefender.IsTraining.mean": {
            "value": 1.0,
            "min": 1.0,
            "max": 1.0,
            "count": 5832
        },
        "DroneDefender.IsTraining.sum": {
            "value": 1.0,
            "min": 1.0,
            "max": 1.0,
            "count": 5832
        },
        "DroneDefender.Losses.PolicyLoss.mean": {
            "value": 0.018199025622258582,
            "min": 0.011726923286914825,
            "max": 6.229317863766725,
            "count": 5602
        },
        "DroneDefender.Losses.PolicyLoss.sum": {
            "value": 0.018199025622258582,
            "min": 0.011726923286914825,
            "max": 6.229317863766725,
            "count": 5602
        },
        "DroneDefender.Losses.ValueLoss.mean": {
            "value": 0.00641741652507335,
            "min": 1.9060723479924492e-05,
            "max": 56816.627734375,
            "count": 5602
        },
        "DroneDefender.Losses.ValueLoss.sum": {
            "value": 0.00641741652507335,
            "min": 1.9060723479924492e-05,
            "max": 56816.627734375,
            "count": 5602
        },
        "DroneDefender.Policy.LearningRate.mean": {
            "value": 0.00028250556283148097,
            "min": 0.00028250556283148097,
            "max": 0.0002999968410010531,
            "count": 5602
        },
        "DroneDefender.Policy.LearningRate.sum": {
            "value": 0.00028250556283148097,
            "min": 0.00028250556283148097,
            "max": 0.0002999968410010531,
            "count": 5602
        },
        "DroneDefender.Policy.Epsilon.mean": {
            "value": 0.19416851899999996,
            "min": 0.19416851899999996,
            "max": 0.19999894700000004,
            "count": 5602
        },
        "DroneDefender.Policy.Epsilon.sum": {
            "value": 0.19416851899999996,
            "min": 0.19416851899999996,
            "max": 0.19999894700000004,
            "count": 5602
        },
        "DroneDefender.Policy.Beta.mean": {
            "value": 0.0004714257430999998,
            "min": 0.0004714257430999998,
            "max": 0.0004999948403000001,
            "count": 5602
        },
        "DroneDefender.Policy.Beta.sum": {
            "value": 0.0004714257430999998,
            "min": 0.0004714257430999998,
            "max": 0.0004999948403000001,
            "count": 5602
        },
        "DroneAttacker.Policy.Entropy.mean": {
            "value": 0.7291950583457947,
            "min": 0.7291950583457947,
            "max": 1.123813509941101,
            "count": 972
        },
        "DroneAttacker.Policy.Entropy.sum": {
            "value": 7324.03515625,
            "min": 7260.146484375,
            "max": 11580.8984375,
            "count": 972
        },
        "DroneAttacker.Environment.EpisodeLength.mean": {
            "value": 1999.0,
            "min": 162.57142857142858,
            "max": 1999.0,
            "count": 972
        },
        "DroneAttacker.Environment.EpisodeLength.sum": {
            "value": 9995.0,
            "min": 2250.0,
            "max": 16646.0,
            "count": 972
        },
        "DroneAttacker.Step.mean": {
            "value": 9719955.0,
            "min": 9949.0,
            "max": 9719955.0,
            "count": 972
        },
        "DroneAttacker.Step.sum": {
            "value": 9719955.0,
            "min": 9949.0,
            "max": 9719955.0,
            "count": 972
        },
        "DroneAttacker.Policy.ExtrinsicValueEstimate.mean": {
            "value": -58.968421936035156,
            "min": -160.7968292236328,
            "max": 204.30015563964844,
            "count": 972
        },
        "DroneAttacker.Policy.ExtrinsicValueEstimate.sum": {
            "value": -9434.947265625,
            "min": -26049.0859375,
            "max": 32483.724609375,
            "count": 972
        },
        "DroneAttacker.Environment.CumulativeReward.mean": {
            "value": -4998.4,
            "min": -4999.875,
            "max": -893.6857142857143,
            "count": 972
        },
        "DroneAttacker.Environment.CumulativeReward.sum": {
            "value": -24992.0,
            "min": -50019.0,
            "max": -7627.5,
            "count": 972
        },
        "DroneAttacker.Policy.ExtrinsicReward.mean": {
            "value": -4998.4,
            "min": -4999.875,
            "max": -893.6857142857143,
            "count": 972
        },
        "DroneAttacker.Policy.ExtrinsicReward.sum": {
            "value": -24992.0,
            "min": -50019.0,
            "max": -7627.5,
            "count": 972
        },
        "DroneAttacker.IsTraining.mean": {
            "value": 1.0,
            "min": 1.0,
            "max": 1.0,
            "count": 972
        },
        "DroneAttacker.IsTraining.sum": {
            "value": 1.0,
            "min": 1.0,
            "max": 1.0,
            "count": 972
        },
        "DroneAttacker.Losses.PolicyLoss.mean": {
            "value": 0.027137336988622942,
            "min": 0.013749363971874118,
            "max": 0.03582074111327529,
            "count": 945
        },
        "DroneAttacker.Losses.PolicyLoss.sum": {
            "value": 0.027137336988622942,
            "min": 0.013749363971874118,
            "max": 0.03582074111327529,
            "count": 945
        },
        "DroneAttacker.Losses.ValueLoss.mean": {
            "value": 753.2603963216146,
            "min": 694.1227478027344,
            "max": 213373.31197916667,
            "count": 945
        },
        "DroneAttacker.Losses.ValueLoss.sum": {
            "value": 753.2603963216146,
            "min": 694.1227478027344,